id_socio,nombre,a_paterno,a_materno,rfc,num_licencia,calle_num,colonia,cp,municipio,estado,celular,email,fotografia,ingreso,egreso,es_chofer,es_duenio
s-0001,LUIS ENRIQUE,FLORES,SOSA,FLSJ760701MED4,S53745449,Zapote Secc.2 Edif.centauri 139 202-a,Romulo Sanchez Mireles,14070,Tlalpan,Cuidad de México,5522353121,luis777@hotmail.com,proyecto/data/photos/photo_FLSJ760701MED4.jpg,2021-10-15,No aplica,True,True
s-0002,HUMBERTO,HERNANDEZ,CAMACHO,HECM820417MGH3,T05186522,Froa#o 34 B 202,Valle Gomez,15210,Venustiano Carranza,Cuidad de México,5565590412,humberto643@gmail.com,proyecto/data/photos/photo_HECM820417MGH3.jpg,2011-01-18,No aplica,True,False
s-0003,RODOLFO,GUERRERO,GUTIERREZ,GUGF750426MCW5,No aplica,Rio Usumacinta 33 Mza. 10 Lt. 14,Ampl. Lomas de San Bernabe,10300,Magdalena Contreras,Cuidad de México,5625717050,rodolfo709@gmail.com,proyecto/data/photos/photo_GUGF750426MCW5.jpg,2015-05-19,No aplica,False,True
s-0004,RUBEN,VILLANUEVA,MEZA,VIMJ801114MVE9,B28290500,Halacho Lt 13 a Mz 806,San Nicolas Totolapan,14100,Tlalpan,Cuidad de México,5520305069,ruben946@gmail.com,proyecto/data/photos/photo_VIMJ801114MVE9.jpg,2018-02-10,2018-07-30,True,False
s-0005,RAFAEL,SAN,GASPAR,SAGJ870217MBN6,H82224922,Edif 6 Ent D Depto 203,Unidad Lindavista Vallejo,77200,Gustavo A. Madero,Cuidad de México,5501206771,rafael610@hotmail.com,proyecto/data/photos/photo_SAGJ870217MBN6.jpg,2016-05-14,No aplica,True,False
s-0006,ISAIAS,BARRON,DZIB,BADA840128MHF2,K65914887,Gabino Barreda Lt 9 Mz 90,Zona Escolar,72300,Gustavo A. Madero,Cuidad de México,5644263301,isaias223@yahoo.com,proyecto/data/photos/photo_BADA840128MHF2.png,2012-03-04,2019-05-20,True,False
s-0007,MARIO,CAMPUZANO,OROZCO,CAOA860625MRW2,No aplica,"Cl. PASCLE, MZ-12- LT-48",PEDREGAL DE SANTO DOMINGO,43690,Coyoacán,Cuidad de México,5668259960,mario841@outlook.com,proyecto/data/photos/photo_CAOA860625MRW2.png,2010-03-29,No aplica,False,True
s-0008,GERARDO,REVELES,ASTUDILLO,REAJ750806MZM1,E51430431,TLAMATECA 59,PEDREGAL DE STO DOMINGO,43600,Coyoacán,Cuidad de México,5680855793,gerardo833@gmail.com,proyecto/data/photos/photo_REAJ750806MZM1.jpg,2011-06-19,No aplica,True,False
s-0009,ORLANDO,MAXIMO,HERNANDEZ,MAHP800608MTR9,No aplica,Calle 28 33,Guadalupe Proletaria,76700,Gustavo A. Madero,Cuidad de México,5591246795,orlando151@gmail.com,proyecto/data/photos/photo_MAHP800608MTR9.png,2012-01-20,No aplica,False,True
s-0010,ESTEBAN,ELIZALDE,RODRIGUEZ,ELRC840427MYR4,Z05369916,"Cl. MATLACOATL, 60 Edif. C-10, Dpto. 101",PUEBLO SANTA BARBARA,22300,Azcapotzalco,Cuidad de México,5664340710,esteban775@gmail.com,proyecto/data/photos/photo_ELRC840427MYR4.jpg,2019-12-06,No aplica,True,False
s-0011,JUAN CARLOS,GONZALEZ,ROLDAN,GORR740623MTQ9,R86903128,Bosques de Ciruelos 162 Est 62,Bosques de las Lomas,11700,Miguel Hidalgo,Cuidad de México,5509457481,juan408@yahoo.com,proyecto/data/photos/photo_GORR740623MTQ9.jpg,2011-09-19,No aplica,True,False
s-0012,MARIO ALBERTO,RAMOS,DOMINGUEZ,RADJ750913MZD7,No aplica,"BOULEVARD DE LA LUZ, 777 Casa 3",JARDINES DEL PEDREGAL,19000,Álvaro Obregón,Cuidad de México,5696257891,mario111@hotmail.com,proyecto/data/photos/photo_RADJ750913MZD7.png,2018-02-17,No aplica,False,True
s-0013,MANUEL,RAMIREZ,MENDOZA,RAMJ880626MUI7,L34403989,Dr Erazo 68 Dpto 205,Doctores,67200,Cuauhtémoc,Cuidad de México,5684475796,manuel335@yahoo.com,proyecto/data/photos/photo_RAMJ880626MUI7.jpg,2019-03-29,No aplica,True,False
s-0014,CARLOS MARIO,MAZA,BENITEZ,MABJ800313MGE2,B94319995,"Avd. 2, MZ-20 LT-16",MIGUEL HIDALGO 4A SECCION,14250,Tlalpan,Cuidad de México,5533018648,carlos355@gmail.com,proyecto/data/photos/photo_MABJ800313MGE2.png,2015-03-05,No aplica,True,False
s-0015,VICTOR MANUE,ALMARAZ,CHAVEZ,ALCF790922MCJ0,C53055372,Queretaro 10,San Sebastian Tecoloxtitla,91200,Iztapalapa,Cuidad de México,5698826708,victor872@outlook.com,proyecto/data/photos/photo_ALCF790922MCJ0.png,2016-06-04,No aplica,True,False
s-0016,JORGE ALBERTO,ROMERO,URESTI,ROUF801106MDB7,I13752257,Las Huertas 93 Local a,Actipan,32300,Benito Juárez,Cuidad de México,5579196741,jorge723@outlook.com,proyecto/data/photos/photo_ROUF801106MDB7.jpg,2016-10-20,No aplica,True,False
s-0017,CARLOS ANDRES,SUAREZ,CASTRO,SUCA800222MRN3,G56898431,Rochester 65 Depto 17,Napoles,38100,Benito Juárez,Cuidad de México,5692724082,carlos458@gmail.com,proyecto/data/photos/photo_SUCA800222MRN3.png,2021-01-13,No aplica,True,True
s-0018,ANTONIO,REGALADO,SALCIDO,RESM791026MSC8,K99177397,"Avd. JUAN DE DIOS BATIZ, 523 Dpto. R 102",SAN JOSE TICOMAN,73400,Gustavo A. Madero,Cuidad de México,5642211078,antonio043@gmail.com,proyecto/data/photos/photo_RESM791026MSC8.png,2018-11-28,No aplica,True,True
s-0019,ABEL,CAMARENA,CORONA,CACR760416MGP0,Z28168009,ANILLO PERIFERICO S N SECC D MODILO F CASA 102,Cabeza de Juarez Vi,92200,Iztapalapa,Cuidad de México,5538738564,abel886@hotmail.com,proyecto/data/photos/photo_CACR760416MGP0.png,2014-01-19,No aplica,True,False
s-0020,JESUS,RAMIREZ,REJON,RARR691008MFZ3,No aplica,"Cl. PAULA PIRALDO, S/N Edif. T 106, Dpto. 102",CULHUACAN CTM CROC,44800,Coyoacán,Cuidad de México,5589394107,jesus206@outlook.com,proyecto/data/photos/photo_RARR691008MFZ3.jpg,2011-06-22,No aplica,False,True
s-0021,EDGAR,LUIS,NAVA,LUNR800817MWW3,L29569130,Lago Patzcuaro 131 Depto 10,Anahuac,11320,Miguel Hidalgo,Cuidad de México,5638667886,edgar037@gmail.com,proyecto/data/photos/photo_LUNR800817MWW3.png,2020-05-09,2021-09-25,True,False
s-0022,JORGE,BUENO,SUSANO,BUSM760825MBA2,T23835051,Holbein 277 Local 1,NOCHE BUENA,37200,Benito Juárez,Cuidad de México,5614759605,jorge501@gmail.com,proyecto/data/photos/photo_BUSM760825MBA2.png,2016-06-09,No aplica,True,False
s-0023,JUAN CARLOS,GARCIA,OCHOA,GAOM840402MNF8,B25508951,Mexico 15,Hipodromo,61000,Cuauhtémoc,Cuidad de México,5680713410,juan917@yahoo.com,proyecto/data/photos/photo_GAOM840402MNF8.jpg,2017-05-02,No aplica,True,False
s-0024,LUIS FERNANDO,LOPEZ,HERNANDEZ,LOHM860815MGA5,No aplica,"Prol. PASEO DE LA REFORMA, 1015 Estac. S5-XIII",SANTA FE CUAJIMALPA,53480,Cuajimalpa,Cuidad de México,5666559401,luis817@gmail.com,proyecto/data/photos/photo_LOHM860815MGA5.png,2021-02-13,No aplica,False,True
s-0025,MARCO ANTONIO,LARA,VITE,LAVS820106MMV4,J81672938,Serafin Olarte 191 Depto B 503,Independencia,36300,Benito Juárez,Cuidad de México,5600434767,marco899@hotmail.com,proyecto/data/photos/photo_LAVS820106MMV4.png,2012-08-10,No aplica,True,False
s-0026,PEDRO,FLORES,GAXIOLA,FLGA860430MBJ2,A52544073,Once Mz-61 Lt-82,Renovacion.,92090,Iztapalapa,Cuidad de México,5602671214,pedro912@gmail.com,proyecto/data/photos/photo_FLGA860430MBJ2.png,2016-09-27,No aplica,True,False
s-0027,MARCO ANTONIO,JACOME,LOPEZ,JALE740104MSU0,G81302486,Malva No 71 Depto 201,C Habitacional la Draga,13280,Tláhuac,Cuidad de México,5634307581,marco422@yahoo.com,proyecto/data/photos/photo_JALE740104MSU0.png,2019-07-16,No aplica,True,False
s-0028,HECTOR,CASTANEDA,TENIENTE,CATJ790405MUS1,U42703959,Isabel la Catolica 45 Of. 808,Centro,60000,Cuauhtémoc,Cuidad de México,5697414208,hector770@gmail.com,proyecto/data/photos/photo_CATJ790405MUS1.png,2017-08-08,No aplica,True,False
s-0029,CARLOS ALBERTO,ARANDA,CUEVAS,ARCG881110MYR9,P49371124,"Prol. 16 DE SEPTIEMBRE, 39 B 201",TABLAS DE SAN LORENZO,16099,Xochimilco,Cuidad de México,5669800077,carlos456@outlook.com,proyecto/data/photos/photo_ARCG881110MYR9.png,2013-12-30,No aplica,True,True
s-0030,RICARDO,VELA,PIÑA,VEPE780105MLH3,M16966705,LUNA 144 DEPTO A 301,Guerrero,63000,Cuauhtémoc,Cuidad de México,5643215876,ricardo264@hotmail.com,proyecto/data/photos/photo_VEPE780105MLH3.png,2021-12-15,2021-12-16,True,True
s-0031,LAZARO,ORTIZ,CRUZ,ORCV820102MZR6,No aplica,"Avd. INSURGENTES NORTE, 1190 Estac. NOROTE 129",CAPULTITLAN,73700,Gustavo A. Madero,Cuidad de México,5544894741,lazaro459@gmail.com,proyecto/data/photos/photo_ORCV820102MZR6.png,2011-04-03,2016-07-16,False,True
s-0032,TOMAS,CRUZ,FERMIN,CRFA820819MBR9,No aplica,AND 4 LA CRUZ L-3,LOMAS CHAMONTOYA,16000,Álvaro Obregón,Cuidad de México,5691941115,tomas905@hotmail.com,proyecto/data/photos/photo_CRFA820819MBR9.jpg,2012-02-12,No aplica,False,True
s-0033,ABEL,NAVARRETE,MONTIEL,NAMJ770227MRA0,M87558254,Cinco No.33 Colorines Ii Edif J Dt 301,Agricola Pantitlan,81000,Iztacalco,Cuidad de México,5522172961,abel953@gmail.com,proyecto/data/photos/photo_NAMJ770227MRA0.png,2010-11-27,2013-07-18,True,False
s-0034,RAMON,SANTIAGO,VALENZUELA,SAVM710211MZG6,C53533363,"UNIVERSIDAD, 1894 Edif. C, Local c. 9",ROMERO DE TERREROS,43500,Coyoacán,Cuidad de México,5557577260,ramon914@gmail.com,proyecto/data/photos/photo_SAVM710211MZG6.jpg,2020-07-24,No aplica,True,False
s-0035,CARLOS ALEJANDRO,SEVERIANO,CEBADA,SECA871101MKY1,No aplica,"Cl. ANTONIO PLAZA, 12 Edif. 9, Sec. MF-1, DEPTO 105",CITLALLI,96600,Iztapalapa,Cuidad de México,5571695600,carlos817@gmail.com,proyecto/data/photos/photo_SECA871101MKY1.jpg,2014-04-09,2016-11-20,False,True
s-0036,EMILIO,MONTIEL,SALINAS,MOSD780327MVP1,G20547284,CDA FRAY S T DE MIER NO. 24 LOCAL C-25,Transito,68200,Cuauhtémoc,Cuidad de México,5581598311,emilio221@gmail.com,proyecto/data/photos/photo_MOSD780327MVP1.png,2018-01-29,No aplica,True,False
s-0037,FERNANDO,CASTRO,PINEDA,CAPO850919MSZ9,W10214162,V.texcoco 1268 Mz-a Cond-3b Ed-7 Dt-101,U.h.solidaridad,91400,Iztapalapa,Cuidad de México,5669059559,fernando306@gmail.com,proyecto/data/photos/photo_CAPO850919MSZ9.png,2021-12-20,No aplica,True,False
s-0038,SIMON,BUENDIA,GARCIA,BUGJ780323MPK5,No aplica,"Cl. RIO DANUBIO, 94 Dpto. 402",CUAUHTEMOC,65000,Cuauhtémoc,Cuidad de México,5618924280,simon322@yahoo.com,proyecto/data/photos/photo_BUGJ780323MPK5.png,2018-09-03,No aplica,False,True
s-0039,YSAIAS,DOMINGUEZ,BARRERA,DOBD810404MTV0,P67783968,HACIENDA SANTA CECILIA S/N,VILLA QUIETUD,49600,Coyoacán,Cuidad de México,5539873163,ysaias193@gmail.com,proyecto/data/photos/photo_DOBD810404MTV0.jpg,2020-09-24,No aplica,True,True
s-0040,JOSE ANGEL,SANCHEZ,DELGADILLO,SADR770525MKZ1,Z22046713,Gustavo Duran Gonzalez M 8 L 11,Punta de Cehuayo,15400,Álvaro Obregón,Cuidad de México,5531988382,jose810@yahoo.com,proyecto/data/photos/photo_SADR770525MKZ1.png,2020-10-16,No aplica,True,False
s-0041,CESAR MARTIN,BANDA,CHAVEZ,BACS820225MXO4,I66414298,"Avd. INDUSTRIA, 76 Edif. A, Dpto. A-405",MOCTEZUMA 2A. SECCION,15530,Venustiano Carranza,Cuidad de México,5536585293,cesar171@hotmail.com,proyecto/data/photos/photo_BACS820225MXO4.jpg,2019-06-22,No aplica,True,False
s-0042,JULIO CESAR,MEJIA,BARAJAS,MEBJ750209MHE3,X67822255,"Eje 8 SUR AV POPOCATEPETL, 116 Dpto. 306",PORTALES SUR,33000,Benito Juárez,Cuidad de México,5660138287,julio436@hotmail.com,proyecto/data/photos/photo_MEBJ750209MHE3.png,2020-01-14,No aplica,True,False
s-0043,ISIDRO,VAZQUEZ,CUEVAS,VACH810307MEC1,W67769323,Edif 56 Ent B Depto 201,Unidad Lindavista Vallejo,77200,Gustavo A. Madero,Cuidad de México,5587551770,isidro065@outlook.com,proyecto/data/photos/photo_VACH810307MEC1.png,2016-04-11,No aplica,True,True
s-0044,PABLO,JAIMES,RAMIREZ,JARJ820813MKA0,W38005672,"Cl. ARTEAGA, 33 Edif. A, Dpto. A-102",GUERRERO,63000,Cuauhtémoc,Cuidad de México,5681010124,pablo115@gmail.com,proyecto/data/photos/photo_JARJ820813MKA0.jpg,2015-11-10,No aplica,True,True
s-0045,HUMBERTO,BEZARES,BARRERA,BEBG780610MHW5,E06315492,Insurgentes 105 Est. 378,Juarez,66000,Cuauhtémoc,Cuidad de México,5635857888,humberto019@yahoo.com,proyecto/data/photos/photo_BEBG780610MHW5.jpg,2013-08-14,No aplica,True,True
s-0046,VALENTE,MORALES,VEGA,MOVL810705MKZ5,K80138807,"EJE CENTRAL LAZARO CARDENAS, 777 Dpto. 1",NARVARTE ORIENTE,30230,Benito Juárez,Cuidad de México,5530537247,valente733@hotmail.com,proyecto/data/photos/photo_MOVL810705MKZ5.jpg,2017-05-01,2021-09-01,True,False
s-0047,JOSE ALBERTO,ALBARRAN,MORENO,ALMG820204MTB1,P50270705,Piedra Barroque@A Lt 2 Mz F,Isidro Fabela,14030,Tlalpan,Cuidad de México,5596197115,jose726@gmail.com,proyecto/data/photos/photo_ALMG820204MTB1.png,2020-09-25,No aplica,True,False
s-0048,DIEGO DE JESUS,LINARES,RENDON,LIRA720426MXB4,No aplica,"Cl. LUCIO BLANCO, 66 Edif. A-1, Dpto. 502",LA ERA,97200,Iztapalapa,Cuidad de México,5545070160,diego983@gmail.com,proyecto/data/photos/photo_LIRA720426MXB4.jpg,2010-08-01,No aplica,False,True
s-0049,OCTAVIO,GONZALEZ,GARCIA,GOGG830218MTT3,R24952787,Coru;a 255 a,Viaducto Piedad,82000,Iztacalco,Cuidad de México,5554338011,octavio519@outlook.com,proyecto/data/photos/photo_GOGG830218MTT3.jpg,2018-09-02,No aplica,True,True
s-0050,ANTONIO,ROA,CHAVEZ,ROCF800826MCG9,No aplica,Aragon 241 Depto. 5,Alamos,34000,Benito Juárez,Cuidad de México,5549872755,antonio372@gmail.com,proyecto/data/photos/photo_ROCF800826MCG9.jpg,2016-06-08,No aplica,False,True
s-0051,LUIS,LEON,LUNA,LELR821102MSP6,L47401297,AHUEJOTE 533,Pedregal de Sto Domingo,43600,Coyoacán,Cuidad de México,5583432314,luis334@gmail.com,proyecto/data/photos/photo_LELR821102MSP6.jpg,2013-06-03,No aplica,True,False
s-0052,JESUS RICARDO,GONZALEZ,QUILES,GOQC871120MMG6,F97659968,Playa Tecolutla 557,R. Iztaccihuatl,88400,Iztacalco,Cuidad de México,5522153773,jesus359@gmail.com,proyecto/data/photos/photo_GOQC871120MMG6.png,2021-10-04,No aplica,True,False
s-0053,ALFONSO,VALENCIA,SANTIZ,VASG871022MUT5,F43083406,"Cl. CUITLAHUAC, 116 Edif. 1 CONDO B, Dpto. 02",LORENZO BOTURINI,15820,Venustiano Carranza,Cuidad de México,5552870113,alfonso780@gmail.com,proyecto/data/photos/photo_VASG871022MUT5.jpg,2011-04-30,No aplica,True,False
s-0054,MIGUEL ANGEL,GUTIERREZ,ESQUIVEL,GUEV790226MJG5,S22435066,"Avd. MINAS, 69",ARVIDE,12800,Álvaro Obregón,Cuidad de México,5562728580,miguel415@gmail.com,proyecto/data/photos/photo_GUEV790226MJG5.png,2011-04-30,No aplica,True,False
s-0055,ARMANDO,PEREZ,RODRIGUEZ,PERJ830607MAS5,A57765941,Aquiles Serdan Z 02 Mza 28 Lt 15,Sta Ma Aztahuacan,95000,Iztapalapa,Cuidad de México,5637157813,armando053@outlook.com,proyecto/data/photos/photo_PERJ830607MAS5.jpg,2013-12-14,No aplica,True,False
s-0056,ALEJANDRO,MARTINEZ,LARA,MALA691028MFB6,V94884967,BENITO JUAREZ N. 92  Depto. E 201,ALBERT,35600,Benito Juárez,Cuidad de México,5524998573,alejandro226@gmail.com,proyecto/data/photos/photo_MALA691028MFB6.png,2015-05-12,No aplica,True,False
s-0057,J. RUBEN,RAMIREZ,CHAVEZ,RACE780803MAG8,F70786499,"Cl. MIGUEL ANGEL, 82 Dpto. 308",SANTA MARIA NONOALCO,37000,Benito Juárez,Cuidad de México,5630641479,j.531@outlook.com,proyecto/data/photos/photo_RACE780803MAG8.png,2012-01-29,No aplica,True,False
s-0058,OSCAR NOEL,ESTRADA,UH,ESUA810106MUC1,No aplica,"Cl. LOS PINOS, 1",MIRADOR DEL VALLE,14658,Tlalpan,Cuidad de México,5547753056,oscar421@yahoo.com,proyecto/data/photos/photo_ESUA810106MUC1.png,2020-11-03,No aplica,False,True
s-0059,EULOGIO,MONTIEL,DELGADO,MODR860507MOA6,E55947887,Cuitlahuac Num. 30,Sta Isabel Tola,70100,Gustavo A. Madero,Cuidad de México,5632830414,eulogio344@gmail.com,proyecto/data/photos/photo_MODR860507MOA6.jpg,2019-06-30,No aplica,True,False
s-0060,ELIAS,MARTINEZ,JARQUIN,MAJR790311MJU7,No aplica,Panaderos 32 34 y 36 Depto a 302,Morelos,15270,Venustiano Carranza,Cuidad de México,5570763554,elias322@gmail.com,proyecto/data/photos/photo_MAJR790311MJU7.png,2020-06-26,No aplica,False,True
s-0061,JOSE JAIME,MARTIN,OJEDA,MAOP731125MXW7,V34471023,And Hualquila Mz 6 Lt 140-A,Bo Sta Barbara,90000,Iztapalapa,Cuidad de México,5625115203,jose934@outlook.com,proyecto/data/photos/photo_MAOP731125MXW7.png,2018-05-03,2021-01-17,True,False
s-0062,FRANCISCO JAVIER,LOPEZ,JACOME,LOJE810402MDT6,V00572603,Calle 4 Num 285 Cond I Edif E Depto E-302,Pantitlan,81000,Iztacalco,Cuidad de México,5633055452,francisco815@yahoo.com,proyecto/data/photos/photo_LOJE810402MDT6.jpg,2021-12-16,No aplica,True,False
s-0063,JUAN MANUEL,PEREZ,HERNANDEZ,PEHI770606MOU5,N94657343,CDA PRIMAVERA NUM 5,XALPA,96400,Iztapalapa,Cuidad de México,5556203685,juan451@gmail.com,proyecto/data/photos/photo_PEHI770606MOU5.png,2011-11-05,No aplica,True,False
s-0064,EFRAIN,ARANDA,REVILLA,ARRH860722MTS2,B11106764,Nextengo 434 Edif A-6 Depto 101,San Miguel Amantla,27000,Azcapotzalco,Cuidad de México,5500487594,efrain380@hotmail.com,proyecto/data/photos/photo_ARRH860722MTS2.png,2021-09-07,No aplica,True,False
s-0065,JOSE MANUEL,GERARDO,COMONFORT,GECA780320MOD7,M73249895,Estado de Veracruz Lt 1,Providencia,75500,Gustavo A. Madero,Cuidad de México,5592283750,jose782@gmail.com,proyecto/data/photos/photo_GECA780320MOD7.png,2018-07-21,No aplica,True,False
s-0066,JUAN,PATONI,RODRIGUEZ,PARJ860901MAK1,R81098480,Dr.Erazo 94 Dpto.403,Doctores,67200,Cuauhtémoc,Cuidad de México,5621325318,juan733@gmail.com,proyecto/data/photos/photo_PARJ860901MAK1.jpg,2013-03-29,2020-05-27,True,True
s-0067,HECTOR MANU,OJEDA,GARCIA,OJGO840521MGF0,G46085389,Tamagno 224 Depto B 103,Vallejo,78700,Gustavo A. Madero,Cuidad de México,5578120736,hector600@gmail.com,proyecto/data/photos/photo_OJGO840521MGF0.jpg,2013-10-17,No aplica,True,False
s-0068,AGUSTIN,SANDOVAL,MENDOZA,SAMJ850303MLU5,X78925498,AV BERNARDO QUINTANA 42 CASA  24,SANTA FE LA LOMA,12100,Álvaro Obregón,Cuidad de México,5556506695,agustin781@hotmail.com,proyecto/data/photos/photo_SAMJ850303MLU5.jpg,2012-04-01,No aplica,True,False
s-0069,ABEL,MARTINEZ,LOZANO,MALJ780303MHD9,No aplica,General Julio Garcia 96 Casa 51,Barrio los Reyes,86500,Iztacalco,Cuidad de México,5558828105,abel804@gmail.com,proyecto/data/photos/photo_MALJ780303MHD9.png,2011-02-10,No aplica,False,True
s-0070,JAIME,CALDERON,SALGADO,CASJ710816MXH2,W95485107,Aniceto Ortega 1321 Despacho 503,DEL VALLE SUR,31000,Benito Juárez,Cuidad de México,5523647233,jaime005@gmail.com,proyecto/data/photos/photo_CASJ710816MXH2.jpg,2016-03-02,No aplica,True,False
s-0071,JOSE ANTONIO,SANCHEZ,LARA,SALJ840403MKH2,Q40547110,Av 11 Num 62 Conj. 5 Casa 26,Sn Nicolas Tolentino,98800,Iztapalapa,Cuidad de México,5597467886,jose405@outlook.com,proyecto/data/photos/photo_SALJ840403MKH2.png,2015-04-21,No aplica,True,False
s-0072,RAMON,TREJO,PENALOZA,TRPV810908MSI6,P31031619,GALILEO NUM. 13 DEPTO. 402,POLANCO,11560,Miguel Hidalgo,Cuidad de México,5635039896,ramon636@yahoo.com,proyecto/data/photos/photo_TRPV810908MSI6.png,2020-08-15,No aplica,True,False
s-0073,CARLOS DANIEL,MATA,ESCOBAR,MAEL791020MQD3,V56492281,Rep. de Uruguay 125 Depto. 1-e,Centro,60600,Cuauhtémoc,Cuidad de México,5549112928,carlos910@yahoo.com,proyecto/data/photos/photo_MAEL791020MQD3.png,2011-02-18,No aplica,True,False
s-0074,ALDO,CAMARENA,CARTAS,CACC800707MGH1,No aplica,BAHIA DE PERULA Num. 80 Departamento 1006,VERONICA ANZURES,11300,Miguel Hidalgo,Cuidad de México,5514980683,aldo909@gmail.com,proyecto/data/photos/photo_CACC800707MGH1.png,2019-07-26,2021-03-19,False,True
s-0075,GUSTAVO,CASTILLO,OCHOA,CAOI790814MHH9,B25157306,Revolucion 67 Ed. a Dpto. 104,Los Olivos,13210,Tláhuac,Cuidad de México,5523416659,gustavo628@outlook.com,proyecto/data/photos/photo_CAOI790814MHH9.jpg,2019-12-03,No aplica,True,True
s-0076,JOSE LUIS,NIC,SANCHEZ,NISV800204MLV6,R61717568,"Cl. TECNICOS Y MANUALES, 200 Edif. 51, Dpto. 403",EL VERGEL,98800,Iztapalapa,Cuidad de México,5557579926,jose720@gmail.com,proyecto/data/photos/photo_NISV800204MLV6.jpg,2017-02-16,No aplica,True,False
s-0077,LUIS ROBERTO,BONALES,ABUD,BOAJ840612MNC4,B44273808,Carranza Venustiano 25,A#o de Juarez,98590,Iztapalapa,Cuidad de México,5572408173,luis526@gmail.com,proyecto/data/photos/photo_BOAJ840612MNC4.png,2019-09-25,No aplica,True,False
s-0078,ENRIQUE,ZURITA,HIGUELDO,ZUHI810408MOB2,X82996762,"Cl. NORMANDIA, 174",ZACAHUITZCO,94400,Iztapalapa,Cuidad de México,5626448864,enrique776@hotmail.com,proyecto/data/photos/photo_ZUHI810408MOB2.jpg,2012-12-31,No aplica,True,True
s-0079,LUIS ANTONIO,MAY,DE LA CRUZ,MADT820701MYB0,L47372819,Norte 73 297,Jardin Aspeitia,25300,Azcapotzalco,Cuidad de México,5668826610,luis408@outlook.com,proyecto/data/photos/photo_MADT820701MYB0.jpg,2018-03-26,No aplica,True,False
s-0080,MIGUEL ANGEL,MILLAN,ALANIS,MIAH821017MOM1,Q44773965,Periferico Sur 3463 Cto Serv 3,San Jeronimo,10200,Magdalena Contreras,Cuidad de México,5640719484,miguel422@hotmail.com,proyecto/data/photos/photo_MIAH821017MOM1.jpg,2012-10-15,No aplica,True,False
s-0081,JUAN LUIS,CABRAL,GALLARDO,CAGS740518MZF6,X11072573,Degollado 165 Depto B 201,Guerrero,63000,Cuauhtémoc,Cuidad de México,5631980698,juan002@yahoo.com,proyecto/data/photos/photo_CAGS740518MZF6.jpg,2016-10-31,No aplica,True,False
s-0082,RAMON,BRACHO,SANCHEZ,BRSA751014MXQ1,Q98124231,Morelos 95 Edif.g Depto.401,San Andres,22400,Azcapotzalco,Cuidad de México,5520115653,ramon007@gmail.com,proyecto/data/photos/photo_BRSA751014MXQ1.jpg,2016-12-08,No aplica,True,True
s-0083,MOISES,MEDEL,ZAMORA,MEZJ861114MBS6,I74097392,NICOLAS SAN JUAN S N,DEL VALLE SUR,31000,Benito Juárez,Cuidad de México,5511594759,moises336@hotmail.com,proyecto/data/photos/photo_MEZJ861114MBS6.png,2020-12-17,No aplica,True,False
s-0084,ANDRES,ESPARZA,OJEDA,ESOM831011MPK4,G26143340,Sur 27 Casa S. 41 Mz 5,Agricola Oriental,85000,Iztacalco,Cuidad de México,5514038341,andres614@gmail.com,proyecto/data/photos/photo_ESOM831011MPK4.png,2017-02-28,2018-07-13,True,False
s-0085,HECTOR,MARTINEZ,TRUJILLO,MATJ730623MRD1,W89708869,Melchor Ocampo 19 Oficina 102,Tizapan,10900,Álvaro Obregón,Cuidad de México,5526962351,hector420@gmail.com,proyecto/data/photos/photo_MATJ730623MRD1.jpg,2019-04-29,No aplica,True,True
s-0086,GONZALO,ARROYO,VASQUEZ,ARVS790823MSU0,K19538837,Observatorio Ote 73,Escandon,11800,Miguel Hidalgo,Cuidad de México,5590889350,gonzalo121@gmail.com,proyecto/data/photos/photo_ARVS790823MSU0.png,2011-07-06,No aplica,True,False
s-0087,CLARO,JUAREZ,ROMAN,JURA801024MDE2,Z55582171,Dr Enrique Gonzalez Martinez 126,Sta Ma La Ribera,64000,Cuauhtémoc,Cuidad de México,5565301734,claro994@gmail.com,proyecto/data/photos/photo_JURA801024MDE2.jpg,2012-03-22,No aplica,True,False
s-0088,CARLOS,PEREZ,ARREOLA,PEAR850625MKJ3,A09551642,3a Cda Emilio Carranza 31 a 8,Sn Andres Tetepilco,94400,Iztapalapa,Cuidad de México,5543383110,carlos280@yahoo.com,proyecto/data/photos/photo_PEAR850625MKJ3.png,2020-02-07,No aplica,True,False
s-0089,OSCAR,PATRON,MAYA,PAMS750223MZO7,No aplica,"Cl. SANTA MARIA LA RIBERA, 96 Dpto. A-301",SANTA MARIA LA RIBERA,64000,Cuauhtémoc,Cuidad de México,5640448845,oscar966@gmail.com,proyecto/data/photos/photo_PAMS750223MZO7.jpg,2021-09-27,No aplica,False,True
s-0090,FRANCISCO,ZAZUETA,MARTINEZ,ZAMM820122MMB2,Q61243812,MEZTLI NUM. 401-E,SANTA ISABEL TOLA,70100,Gustavo A. Madero,Cuidad de México,5503726222,francisco566@gmail.com,proyecto/data/photos/photo_ZAMM820122MMB2.jpg,2010-11-24,No aplica,True,False
s-0091,EPIFANIO,VELASCO,AZAMAR,VEAN720525MIA7,No aplica,Cerro del Vigilante 161,Romero de Terreros,43100,Coyoacán,Cuidad de México,5500327635,epifanio976@yahoo.com,proyecto/data/photos/photo_VEAN720525MIA7.jpg,2011-06-17,No aplica,False,True
s-0092,MARCELO,FERNANDEZ,SILVA,FESR770717MCX0,P95822190,Japon 48 Depto 18 y 19,Romero Rubio,15400,Venustiano Carranza,Cuidad de México,5618347766,marcelo632@gmail.com,proyecto/data/photos/photo_FESR770717MCX0.png,2014-11-01,No aplica,True,False
s-0093,MARTIN,ESPINOZA,VARELA,ESVR770121MXR8,T38646825,MIXTECAS 384,Ajusco,43000,Coyoacán,Cuidad de México,5530586335,martin924@yahoo.com,proyecto/data/photos/photo_ESVR770121MXR8.png,2018-08-10,No aplica,True,False
s-0094,ROGELIO,VAZQUEZ,CASTRO,VACG821106MZY0,No aplica,"Avd. EMILIO CARRANZA, 409 Estac. E-9",EL RETOï¿½O,94400,Iztapalapa,Cuidad de México,5692627099,rogelio024@gmail.com,proyecto/data/photos/photo_VACG821106MZY0.jpg,2010-12-11,No aplica,False,True
s-0095,JOSE JESUS,SALAZAR,GARCIA,SAGE820223MNV2,No aplica,Narciso Mendoza Mz 79 Lt 16 C,Ex Ejido Sta Ma Aztahuacan,95000,Iztapalapa,Cuidad de México,5564926755,jose749@gmail.com,proyecto/data/photos/photo_SAGE820223MNV2.png,2012-12-28,No aplica,False,True
s-0096,EDMUNDO,RIOS,ESCAMILLA,RIEN730724MCY2,No aplica,"Cl. TTE JOSE ESPINOZA FUENTES, 742 Casa 1",ESCUADRON 201,90600,Iztapalapa,Cuidad de México,5656388563,edmundo375@hotmail.com,proyecto/data/photos/photo_RIEN730724MCY2.png,2017-07-28,No aplica,False,True
s-0097,FRANCISCO JAVIER,HERNANDEZ,MENDEZ,HEME770716MFP2,X61273847,Retama 27,La Hera,97200,Iztapalapa,Cuidad de México,5515974700,francisco386@outlook.com,proyecto/data/photos/photo_HEME770716MFP2.png,2013-02-26,No aplica,True,False
s-0098,JOSE ISAAC,CERQUEDA,AYALA,CEAJ830323MIS8,No aplica,Frambuesa 33,Nueva Sta Maria,28000,Azcapotzalco,Cuidad de México,5520917986,jose016@gmail.com,proyecto/data/photos/photo_CEAJ830323MIS8.png,2021-09-01,No aplica,False,True
s-0099,JOSE REFUGIO,HERNANDEZ,JIMENEZ,HEJB800619MZA2,No aplica,Paseo de la Reforma 724 Estac 151,Nonoalco,69000,Cuauhtémoc,Cuidad de México,5661908533,jose567@hotmail.com,proyecto/data/photos/photo_HEJB800619MZA2.png,2017-04-05,No aplica,False,True
s-0100,MARTHA,HERRERA,RAMIREZ,HERM811130FEF4,No aplica,Calle 1 No. 99 Modulo 14 Edif.4 Dt.402,Agricola Pantitlan,81000,Iztacalco,Cuidad de México,5522606085,martha665@outlook.com,proyecto/data/photos/photo_HERM811130FEF4.png,2016-01-29,No aplica,False,True
s-0101,MAYRA YADIRA,LOPEZ,TORRES,LOTL781102FRE9,V76585235,"Cl. SIERRA DE PINOS, MZ-92 LT-12",SAN FELIPE DE JESUS,75100,Gustavo A. Madero,Cuidad de México,5600340671,mayra434@outlook.com,proyecto/data/photos/photo_LOTL781102FRE9.png,2021-03-16,No aplica,True,False
s-0102,OLGA LETICIA,RAMIREZ,LEZAMA,RALP821107FGM4,G32177351,LLUVIA DE ORO L-8C,Los Angeles Apanoaya,97100,Iztapalapa,Cuidad de México,5671678550,olga565@gmail.com,proyecto/data/photos/photo_RALP821107FGM4.png,2015-10-11,No aplica,True,False
s-0103,MARIA EVELIA,UH,COLMENARES,UHCG810503FQY5,O34638221,"Cl. HACIENDA DE XALPA, MZ-12 LT-6",VILLA QUIETUD,49600,Coyoacán,Cuidad de México,5548490444,maria224@hotmail.com,proyecto/data/photos/photo_UHCG810503FQY5.jpg,2010-02-07,No aplica,True,True
s-0104,MA DE LOURDES,CHAVEZ,SOBERON,CHSM780501FCG7,O05673020,Gral. Molinos del Campo 9 16,San Miguel Chapultepec,11850,Miguel Hidalgo,Cuidad de México,5547913125,ma200@yahoo.com,proyecto/data/photos/photo_CHSM780501FCG7.jpg,2017-07-31,2021-11-27,True,False
s-0105,MARIA,BALTAZAR,CORTES,BACV770102FMX3,N30140489,Rancho El Capulin 6,Prado Coapa 1ra Secc,14350,Tlalpan,Cuidad de México,5578260202,maria211@gmail.com,proyecto/data/photos/photo_BACV770102FMX3.png,2019-05-19,No aplica,True,False
s-0106,CLAUDIA REBECA,GONZALEZ,CORRAL,GOCM830913FKO8,D40072797,"Avd. PANAMERICANA, 240 Edif. VISTA AZUL EDIF 17, Dpto. C403",PEDREGAL DE CARRASCO,47000,Coyoacán,Cuidad de México,5643077309,claudia328@gmail.com,proyecto/data/photos/photo_GOCM830913FKO8.png,2018-10-08,No aplica,True,False
s-0107,JACQUELINE,MORALES,PEREZ,MOPE800728FIZ8,L87906568,Prol San Ciprian 10 L e G 102,Diez de Mayo,15290,Venustiano Carranza,Cuidad de México,5650104922,jacqueline577@gmail.com,proyecto/data/photos/photo_MOPE800728FIZ8.jpg,2021-12-22,No aplica,True,False
s-0108,CATALINA,CHARLES,DELGADILLO,CHDS790720FOR1,X79302053,Sur 105 652,Sector Popular,90600,Iztapalapa,Cuidad de México,5630907938,catalina445@gmail.com,proyecto/data/photos/photo_CHDS790720FOR1.jpg,2021-07-01,No aplica,True,False
s-0109,SANDRA,DE PAZ,CONTRERAS,DECR800608FLI8,B82015323,"Cda. CAPULIN, 6",LAS HUERTAS,10920,Magdalena Contreras,Cuidad de México,5584024503,sandra049@outlook.com,proyecto/data/photos/photo_DECR800608FLI8.jpg,2021-03-06,No aplica,True,False
s-0110,LORENA DE JESUS,TORRES,CORDOBA,TOCM790125FDV8,U12461264,Albert 51 Dpto.  504,ALBERT,35600,Benito Juárez,Cuidad de México,5531404837,lorena056@yahoo.com,proyecto/data/photos/photo_TOCM790125FDV8.jpg,2017-04-30,No aplica,True,True
s-0111,AURORA,ALVITER,RAMIREZ,ALRY800818FFJ6,L43642486,Durazno Lt. 21 Mz. 7,Consejo Agrarista,0,Tláhuac,Cuidad de México,5680486502,aurora092@outlook.com,proyecto/data/photos/photo_ALRY800818FFJ6.png,2015-07-06,No aplica,True,False
s-0112,AZUCENA,PALMA,CALVILLO,PACG821121FSL2,A63848291,Adolfo Prieto 1474 Depto F 5,DEL VALLE SUR,31000,Benito Juárez,Cuidad de México,5692967652,azucena322@gmail.com,proyecto/data/photos/photo_PACG821121FSL2.png,2018-02-19,No aplica,True,False
s-0113,FELIPA,MIRANDA,MARTINEZ,MIMJ860624FLT0,F42975661,Paseo de los Laureles 410 Depto. J-5,Bosques de las Lomas,51200,Cuajimalpa,Cuidad de México,5508307046,felipa143@gmail.com,proyecto/data/photos/photo_MIMJ860624FLT0.png,2015-02-24,No aplica,True,False
s-0114,MARIA DE LOS ANG,MEDINA,LECHUGA,MELA670215FJR2,E51551207,Prolg Rabaul 577 Edif 25 Ent B Depto 102,U Hab Cuitlahuac,25000,Azcapotzalco,Cuidad de México,5522266601,maria356@gmail.com,proyecto/data/photos/photo_MELA670215FJR2.jpg,2011-05-09,No aplica,True,False
s-0115,GRICELDA,MORENO,CONTRERAS,MOCA810130FMQ2,E64953018,CALLE 18 Num. 9 Departamento 102,SAN PEDRO DE LOS PINOS,38000,Benito Juárez,Cuidad de México,5635677650,gricelda942@yahoo.com,proyecto/data/photos/photo_MOCA810130FMQ2.jpg,2010-04-11,No aplica,True,False
s-0116,MARIA TERESA,OBESO,RODRIGUEZ,OBRM841004FAY3,No aplica,"Cl. ANATOLE FRANCE, 90 Cuarto. 22",POLANCO III SECCION,11560,Miguel Hidalgo,Cuidad de México,5617958994,maria458@yahoo.com,proyecto/data/photos/photo_OBRM841004FAY3.jpg,2015-06-01,2018-01-11,False,True
s-0117,JOSEFA,QUEZADA,RUIZ,QURA870920FDO8,Q11334273,Diligencias 232 Casa-3,San Pedro Martir,14650,Tlalpan,Cuidad de México,5509940773,josefa365@gmail.com,proyecto/data/photos/photo_QURA870920FDO8.jpg,2020-03-19,No aplica,True,False
s-0118,ANGELICA MARIA,SERRANO,BARRIENTOS,SEBM801106FHE7,X37936477,Avenida 11 402 Edif.3 Estac.36,Cerro De La Estrella,98600,Iztapalapa,Cuidad de México,5507680810,angelica611@outlook.com,proyecto/data/photos/photo_SEBM801106FHE7.jpg,2012-01-15,2017-02-10,True,False
s-0119,ERNESTINA,GARCIA,DE LA CRUZ,GADA780409FEO9,D49731217,Jose Maria Jaurrieta Lt 8 Mz 11,Punta de Ceevayo,15400,Álvaro Obregón,Cuidad de México,5582243741,ernestina845@hotmail.com,proyecto/data/photos/photo_GADA780409FEO9.png,2017-11-09,No aplica,True,False
s-0120,EDELMIRA,MORALES,CRUZ,MOCA761102FPP9,P66961110,Puerto Celestum 7,Ampl Piloto Adolfo Lopez Mateos,12900,Álvaro Obregón,Cuidad de México,5669755995,edelmira733@hotmail.com,proyecto/data/photos/photo_MOCA761102FPP9.png,2016-02-29,No aplica,True,False
s-0121,LORENA,DEL REAL,GOMEZ,DEGC751109FYY7,No aplica,Eje 3 Norte San Isidro Edif 15 Depto 202,U Hab las Armas Issfam,27100,Azcapotzalco,Cuidad de México,5673074810,lorena557@hotmail.com,proyecto/data/photos/photo_DEGC751109FYY7.png,2017-10-05,2019-09-23,False,True
s-0122,MARIA DE LOURDES,MONTES,JAIMES,MOJL810521FBU1,Q16273517,AV. TLAHUAC 5754 EDIF E DPTO 502,RINCONADA ESTRELLA FOVISSTE,98600,Iztapalapa,Cuidad de México,5585203502,maria239@gmail.com,proyecto/data/photos/photo_MOJL810521FBU1.jpg,2020-06-22,2021-06-22,True,False
s-0123,JUANA,ALVAREZ,REYNA,ALRI770801FSC5,N14634126,RIO MIXCOAC N. 356  Depto. PB2,ACACIAS,32400,Benito Juárez,Cuidad de México,5683139736,juana621@outlook.com,proyecto/data/photos/photo_ALRI770801FSC5.png,2010-11-29,No aplica,True,False
s-0124,EDITH,HERNANDEZ,GARCIA,HEGM870827FXN9,No aplica,ALTAMIRA 920Bis,MIRAVALLE,35800,Benito Juárez,Cuidad de México,5590752759,edith273@gmail.com,proyecto/data/photos/photo_HEGM870827FXN9.png,2010-04-19,No aplica,False,True
s-0125,MARIA GUADALUPE,MORALES,DZIB,MODM780930FJS9,A48212669,"Cl. 325, 643",NUEVA ATZACOALCO,74200,Gustavo A. Madero,Cuidad de México,5557942804,maria135@gmail.com,proyecto/data/photos/photo_MODM780930FJS9.jpg,2013-10-29,No aplica,True,False
s-0126,MA. DE LA LUZ,VAZQUEZ,RODRIGUEZ,VARB750301FHP8,R62642831,Del Taller 5 Ret 45,Jardin Balbuena,15900,Venustiano Carranza,Cuidad de México,5641771254,ma.383@gmail.com,proyecto/data/photos/photo_VARB750301FHP8.jpg,2013-06-24,No aplica,True,False
s-0127,ERIKA,PEREZ,GOMEZ,PEGM750515FKT9,Z38413603,Canal de Miramontes 2009,Educacion,44000,Coyoacán,Cuidad de México,5677074552,erika011@hotmail.com,proyecto/data/photos/photo_PEGM750515FKT9.png,2019-11-10,No aplica,True,False
s-0128,MARIA DE LOURDES,RAMOS,HERNANDEZ,RAHM810905FWG4,No aplica,Cda. de Carrasco 5 Prov.,Ejidos de San Pedro Martir,14640,Tlalpan,Cuidad de México,5696343979,maria182@hotmail.com,proyecto/data/photos/photo_RAHM810905FWG4.jpg,2010-12-26,No aplica,False,True
s-0129,YOLANDA,RAMIREZ,MALDONADO,RAMM830912FHR8,N04946171,Country Club 139,Churubusco Country Club,42100,Coyoacán,Cuidad de México,5564857276,yolanda513@outlook.com,proyecto/data/photos/photo_RAMM830912FHR8.png,2016-11-20,2019-07-15,True,False
s-0130,MARIA EUGENIA,GARCIA,REBOLLEDO,GARM810726FNA4,No aplica,ACUEDUCTO DE GUADALUPE L-21,RECIDENCIAL ACUEDUCTO,72700,Gustavo A. Madero,Cuidad de México,5661032368,maria902@gmail.com,proyecto/data/photos/photo_GARM810726FNA4.png,2017-01-12,No aplica,False,True
s-0131,ROCIO,LOPEZ,PEREGRINO,LOPG780705FEX6,N44047488,Inceladores Mz-1 Lt-12,San Jose Aculco Sector Poniente,94100,Iztapalapa,Cuidad de México,5541531820,rocio468@gmail.com,proyecto/data/photos/photo_LOPG780705FEX6.jpg,2021-05-17,No aplica,True,True
s-0132,MARIA EUGENIA,VALDEZ,LEON,VALJ840311FQK9,No aplica,DVORAK NUM. 37 CAJON ESTACIONAMIENTO 29,VALLEJO,78700,Gustavo A. Madero,Cuidad de México,5601121454,maria473@gmail.com,proyecto/data/photos/photo_VALJ840311FQK9.jpg,2018-10-08,No aplica,False,True
s-0133,MAYRA,MARTINEZ,LOPEZ,MALR840927FZD6,No aplica,Ixtlahuaca 10 Depto 5,SAN SIMON TICUMAC,36600,Benito Juárez,Cuidad de México,5531640173,mayra126@gmail.com,proyecto/data/photos/photo_MALR840927FZD6.jpg,2015-01-07,No aplica,False,True
s-0134,VIRIDIANA,BURGUEÑO,MEJIA,BUMM760409FGU7,T87581668,Indiana 140,AMPLIACION NAPOLES,38100,Benito Juárez,Cuidad de México,5639832685,viridiana627@gmail.com,proyecto/data/photos/photo_BUMM760409FGU7.jpg,2011-08-28,No aplica,True,False
s-0135,CASIMIRA,RAMIREZ,TORRES,RATT800816FWE5,Y08366791,Allende 15-b,San Miguel Topilejo,14500,Tlalpan,Cuidad de México,5604216241,casimira458@gmail.com,proyecto/data/photos/photo_RATT800816FWE5.png,2011-09-21,No aplica,True,False
s-0136,ESTHER LETICIA,FERNANDEZ,RUIZ,FERA750911FNH2,S98516109,GALILEO NUM. 52 202,POLANCO,11560,Miguel Hidalgo,Cuidad de México,5617699020,esther090@outlook.com,proyecto/data/photos/photo_FERA750911FNH2.png,2017-02-24,No aplica,True,True
s-0137,MARIA DEL CARMEN,SANTIAGO,GOMEZ,SAGG780514FFV7,W23522499,"AVENIDA TOLUCA, 818 Dpto. 602",OLIVAR DE LOS PADRES,17800,Álvaro Obregón,Cuidad de México,5654733184,maria524@gmail.com,proyecto/data/photos/photo_SAGG780514FFV7.jpg,2014-01-12,No aplica,True,False
s-0138,GRACIELA,TORRES,TUT,TOTM780319FLI5,Y77555340,LAGUNA DE TERMINOS 422 DEPTO B-008,ANAHUAC,11320,Miguel Hidalgo,Cuidad de México,5643390131,graciela899@outlook.com,proyecto/data/photos/photo_TOTM780319FLI5.png,2021-03-31,No aplica,True,True
s-0139,OLIVA,CASTILLO,VARGAS,CAVM841023FXH8,K26157281,Papantla 10,San Andres,22400,Azcapotzalco,Cuidad de México,5551872666,oliva562@gmail.com,proyecto/data/photos/photo_CAVM841023FXH8.jpg,2011-11-28,No aplica,True,False
s-0140,LAURA,FLORES,HERNANDEZ,FLHL800205FWC6,W85838051,Combarbala Mz 7 Lt 4,San Pedro Zacatenco,73600,Gustavo A. Madero,Cuidad de México,5560602043,laura236@gmail.com,proyecto/data/photos/photo_FLHL800205FWC6.png,2014-04-26,No aplica,True,False
s-0141,ANALILIA,DIAZ,ACOSTA,DIAL820102FZH7,Y83799780,"Cl. MATLACOATL, 100 Edif. A-5-P, Dpto. 402",PUEBLO SANTA BARBARA,22300,Azcapotzalco,Cuidad de México,5594846750,analilia815@outlook.com,proyecto/data/photos/photo_DIAL820102FZH7.png,2010-05-09,No aplica,True,False
s-0142,ROCIO,GONZALEZ,SOTELO,GOSS780512FFZ5,N93839040,Paseo Del Rio Casa 45,Chimalistac,43190,Coyoacán,Cuidad de México,5584154889,rocio598@yahoo.com,proyecto/data/photos/photo_GOSS780512FFZ5.jpg,2018-01-02,2018-03-17,True,True
s-0143,OLIMPIA,DEL ANGEL,ELIZALDE,DEEM781102FKV9,No aplica,Macahuite # 53 Edif. Carmen Serdan Depto. 6,El Molino U. Hab. Francisco,99600,Iztapalapa,Cuidad de México,5664353565,olimpia799@hotmail.com,proyecto/data/photos/photo_DEEM781102FKV9.png,2010-08-02,No aplica,False,True
s-0144,MARTHA LAURA,DAVILA,MATUS,DAMV750318FPQ4,D94169380,Jaripeo Lt 12 Mz 37,Colina del Sur,14300,Álvaro Obregón,Cuidad de México,5641537326,martha708@gmail.com,proyecto/data/photos/photo_DAMV750318FPQ4.png,2021-10-10,No aplica,True,False
s-0145,MARIA SOFIA,AGUILAR,CARRANZA,AGCL880225FTK2,E61320932,Vallejo 1577,Ampl Progreso Nacional,76500,Gustavo A. Madero,Cuidad de México,5597208069,maria521@yahoo.com,proyecto/data/photos/photo_AGCL880225FTK2.jpg,2020-06-13,No aplica,True,False
s-0146,PATRICIA,AGUERO,RAMIREZ,AGRS740716FZQ3,No aplica,Jose Cardel Mz 91 Lt 5,San Pedro Xalpa Ampliacion,27190,Azcapotzalco,Cuidad de México,5599791319,patricia418@hotmail.com,proyecto/data/photos/photo_AGRS740716FZQ3.png,2014-11-12,2021-02-13,False,True
s-0147,ANGELICA,CASTRO,ROMERO,CARR760701FNZ6,K17009593,Calle Oriente Edif 24 Depto 4,U H Alianza Pop Rev,48000,Coyoacán,Cuidad de México,5561467509,angelica365@gmail.com,proyecto/data/photos/photo_CARR760701FNZ6.jpg,2021-02-24,No aplica,True,False
s-0148,MARTHA MARIA,PARRA,SOTO,PASN740303FVH9,K78234310,AV IZTACALCO     24,AGRICOLA PANTITLAN,81000,Iztacalco,Cuidad de México,5566801537,martha207@gmail.com,proyecto/data/photos/photo_PASN740303FVH9.jpg,2016-08-22,No aplica,True,False
s-0149,ROSA MARIA,AGUIRRE,GONZALEZ,AGGE811116FYI9,U66386716,"Cl. WATTEAU, 64 Dpto. D4",SANTA MARIA NONOALCO,37000,Benito Juárez,Cuidad de México,5692734751,rosa881@gmail.com,proyecto/data/photos/photo_AGGE811116FYI9.png,2015-09-18,No aplica,True,False
s-0150,PATRICIA,CASTILLO,BAUTISTA,CABL820923FSI7,U36993320,"Cl. HUEPAC, 5 And. AGIABAMPO 5, Edif. AGIABAMPO, Cjon. 14",PUEBLO DE LA MAGDALENA MIXIUHCA,15850,Venustiano Carranza,Cuidad de México,5636753028,patricia499@gmail.com,proyecto/data/photos/photo_CABL820923FSI7.jpg,2014-10-05,No aplica,True,False
s-0151,MA. GUADALUPE,SECUNDINO,LOPEZ,SELC770806FOF9,B06124023,Torres Quintero 119 Edif 14 C Depto 203,Bo San Miguel,93600,Iztapalapa,Cuidad de México,5666431308,ma.499@yahoo.com,proyecto/data/photos/photo_SELC770806FOF9.jpg,2017-08-11,No aplica,True,False
s-0152,CANDELARIA,HIPOLITO,MARTINEZ,HIMM830906FRD1,F58333485,Bonanza 113 9,Felipe Angeles,15310,Venustiano Carranza,Cuidad de México,5519409468,candelaria704@outlook.com,proyecto/data/photos/photo_HIMM830906FRD1.jpg,2019-06-13,2020-06-22,True,False
s-0153,VERONICA,CALVA,PARDO,CAPM740426FOX2,No aplica,Camino Viejo a San Lucas S/n,Tablas de San Lorenzo,16090,Xochimilco,Cuidad de México,5655667890,veronica549@gmail.com,proyecto/data/photos/photo_CAPM740426FOX2.jpg,2017-12-13,2019-03-14,False,True
s-0154,MARGARITA,SALDA%A,PEREZ,SAPF820629FGM9,No aplica,PROAï¿½O Num. 65 Departamento A-05,VALLE GOMEZ,15210,Venustiano Carranza,Cuidad de México,5672572571,margarita600@hotmail.com,proyecto/data/photos/photo_SAPF820629FGM9.jpg,2012-08-23,No aplica,False,True
s-0155,MARIA DEL CARMEN,HERNANDEZ,ESPINOSA,HEEE790812FIC5,No aplica,"Cl. PAPALOTL, MZ-18 LT-11",PEDREGAL DE SANTO DOMINGO,43690,Coyoacán,Cuidad de México,5571191234,maria385@hotmail.com,proyecto/data/photos/photo_HEEE790812FIC5.jpg,2016-08-07,No aplica,False,True
s-0156,DIANA,ACOSTA,ESQUIVEL,ACEM780908FKC1,R51731093,EDUARDO MOLINA 1720 EST 2187,SALVADOR DIAZ MIRON,74000,Gustavo A. Madero,Cuidad de México,5555362563,diana371@yahoo.com,proyecto/data/photos/photo_ACEM780908FKC1.png,2015-12-06,No aplica,True,True
s-0157,ALBA,CHIU,GOPAR,CHGM810228FJL7,U08073312,Manuel M. Lopez # 101 Edif. G-6 Depto. 203,Zapotitlan,13220,Tláhuac,Cuidad de México,5520929356,alba579@outlook.com,proyecto/data/photos/photo_CHGM810228FJL7.png,2014-01-28,No aplica,True,False
s-0158,MARIA DE LOS ANGELES,GONZALEZ,RUIZ,GORC830814FMM5,No aplica,Cerro Negro Mz 6 Lt 22,Cruz del Farol,14250,Tlalpan,Cuidad de México,5624942247,maria913@outlook.com,proyecto/data/photos/photo_GORC830814FMM5.png,2017-05-24,No aplica,False,True
s-0159,MARIA DEL ROSIO,GOMEZ,SANCHEZ,GOSM791121FXQ8,J19063088,Aniceto Ortega 915 Depto. 6,DEL VALLE SUR,31000,Benito Juárez,Cuidad de México,5625343484,maria415@gmail.com,proyecto/data/photos/photo_GOSM791121FXQ8.jpg,2018-12-27,No aplica,True,False
s-0160,JULIA,MALDONADO,REAL,MARC820223FFO3,G33406699,Palacio 132,Bo la Asuncion,90000,Iztapalapa,Cuidad de México,5533065004,julia349@gmail.com,proyecto/data/photos/photo_MARC820223FFO3.jpg,2019-09-08,No aplica,True,True
s-0161,ARGELIA,BARAJAS,RUIZ,BARR781021FYG0,No aplica,Rincon de los Lirios No.1,San Bartolo El Chico,16010,Xochimilco,Cuidad de México,5506205064,argelia950@hotmail.com,proyecto/data/photos/photo_BARR781021FYG0.jpg,2012-04-20,No aplica,False,True
s-0162,FRANCISCA,ORTIZ,REYES,ORRK800405FEK3,A35461882,"Avd. SECRETARIA DE MARINA, 571 Edif. ALTAIRE II, Dpto. 2703",BOSQUES DE LAS LOMAS,51290,Cuajimalpa,Cuidad de México,5524725924,francisca950@outlook.com,proyecto/data/photos/photo_ORRK800405FEK3.jpg,2012-10-09,No aplica,True,False
s-0163,MARIA FELIX,RUIZ,RODRIGUEZ,RURS750208FQC9,Q51811943,LAGO PATZCUARO NUM. 42 DEPTO. A 302,ANAHUAC,11320,Miguel Hidalgo,Cuidad de México,5524560180,maria608@gmail.com,proyecto/data/photos/photo_RURS750208FQC9.png,2013-10-08,2016-09-08,True,False
s-0164,LIZETH BERENICE,OLMOS,ALVARADO,OLAG780304FOE5,No aplica,1a Cda de Apango Z 6 Mz 10 Lt 35,Cuautepec,71000,Gustavo A. Madero,Cuidad de México,5521681397,lizeth125@yahoo.com,proyecto/data/photos/photo_OLAG780304FOE5.png,2021-10-02,No aplica,False,True
s-0165,YADIRA,HERNANDEZ,CRUZ,HECF770415FSR4,O15876537,"AVENIDA 5 DE MAYO, 696 Edif. A, Dpto. 202",COLINAS DE TARANGO,16100,Álvaro Obregón,Cuidad de México,5545820831,yadira045@gmail.com,proyecto/data/photos/photo_HECF770415FSR4.png,2010-06-30,No aplica,True,False
s-0166,GLORIA,MU!OZ,JUAREZ,MUJI820503FCZ1,T81681715,Cerro de la Libertad 277,Campestre Churubusco,42000,Coyoacán,Cuidad de México,5626815902,gloria722@gmail.com,proyecto/data/photos/photo_MUJI820503FCZ1.png,2019-05-06,No aplica,True,False
s-0167,MARIA DEL ROCIO,ESTRADA,ORTIZ,ESOR750504FYY9,B37332427,"Cl. JALISCO, MZ-12 LT-5",REACOMODO VALENTIN GOMEZ FARIAS,15690,Álvaro Obregón,Cuidad de México,5566023146,maria897@outlook.com,proyecto/data/photos/photo_ESOR750504FYY9.png,2012-11-07,No aplica,True,True
s-0168,ESMERALDA,GUEVARA,ESQUIVEL,GUEA760321FWN1,C31893460,"Eje 5 SUR AV SAN ANTONIO, 95 Sec. PB, COMERCIO 2",AMPLIACION NAPOLES,38400,Benito Juárez,Cuidad de México,5577348080,esmeralda239@outlook.com,proyecto/data/photos/photo_GUEA760321FWN1.png,2013-05-25,No aplica,True,False
s-0169,AMALIA,RICO,ALVARADO,RIAB801018FNY4,L98580746,Puerto Barra de Nautla Num. 12 Depto. 101,Ampliacion Casas Aleman,75800,Gustavo A. Madero,Cuidad de México,5547512919,amalia531@gmail.com,proyecto/data/photos/photo_RIAB801018FNY4.jpg,2013-07-31,No aplica,True,False
s-0170,MARIA DEL REFUGIO,LOPEZ,AVILES,LOAM830716FXR1,W24227184,Oriente 217 214 Depto 11,Agricola Oriental,85000,Iztacalco,Cuidad de México,5519768047,maria658@hotmail.com,proyecto/data/photos/photo_LOAM830716FXR1.png,2013-01-02,No aplica,True,False
s-0171,MARIA DEL CARMEN,BONIFACIO,GUTIERREZ,BOGM830102FGM6,A01425111,"Cl. GRAL JOSE MA CHAVEZ, MZ-44 LT-19",JUAN ESCUTIA,91000,Iztapalapa,Cuidad de México,5630921516,maria711@gmail.com,proyecto/data/photos/photo_BOGM830102FGM6.png,2020-01-05,2021-12-08,True,False
s-0172,LAURA,JERONIMO,MENDOZA,JEML860227FJS3,K20403107,Fresales 142 Edif B Depto 5,Ejidos Granjas Coapa,14330,Tlalpan,Cuidad de México,5522116038,laura309@outlook.com,proyecto/data/photos/photo_JEML860227FJS3.jpg,2021-03-28,No aplica,True,False
s-0173,ANA LUISA,HERRERA,DE OCA,HEDE771112FRQ6,No aplica,Sayul L-3,San Pedro Apostol,14070,Tlalpan,Cuidad de México,5578356580,ana612@hotmail.com,proyecto/data/photos/photo_HEDE771112FRQ6.jpg,2019-10-01,2020-07-27,False,True
s-0174,LUCIA GUADALUPE,RAMIREZ,GOMEZ,RAGM771101FFX9,M23528765,AV CAï¿½ADA 2000  LT10 MZ 48,Lomas de la Estancia,96400,Iztapalapa,Cuidad de México,5646765928,lucia769@hotmail.com,proyecto/data/photos/photo_RAGM771101FFX9.jpg,2019-01-24,No aplica,True,False
s-0175,LAURA ADRIANA,GARCIA,BETANCOURT,GABC840210FOX7,V77081366,NUBIA 205 EDIF D DEPTO 001,El Recreo,20700,Azcapotzalco,Cuidad de México,5542708144,laura935@outlook.com,proyecto/data/photos/photo_GABC840210FOX7.jpg,2016-10-14,No aplica,True,False
s-0176,CHRISTIAN,RUIZ,ZEPEDA,RUZM820715FUC4,A29846908,"AUTOPISTA MEXICO TOLUCA, 307 Edif. TORRE A, Dpto. 1304-A",SAN GABRIEL,13100,Álvaro Obregón,Cuidad de México,5522362511,christian397@hotmail.com,proyecto/data/photos/photo_RUZM820715FUC4.png,2019-02-05,No aplica,True,False
s-0177,MARIA ANGELICA,ARANDA,REYNA,ARRM760724FPW7,No aplica,Parral Mz.75 Lt.14,San Felipe de Jesus,75100,Gustavo A. Madero,Cuidad de México,5552853333,maria594@gmail.com,proyecto/data/photos/photo_ARRM760724FPW7.png,2019-10-28,No aplica,False,True
s-0178,ONORIA,SERVIN,GONZALEZ,SEGS830409FWG5,P22038657,Mexicali 28,Hipodromo,61000,Cuauhtémoc,Cuidad de México,5526593920,onoria144@hotmail.com,proyecto/data/photos/photo_SEGS830409FWG5.jpg,2014-12-08,No aplica,True,False
s-0179,BLANCA ESTELA,CASTILLO,HERNANDEZ,CAHM770321FHA4,P51959510,Av 507 No 206,Unidad San Juan de Aragon,79690,Gustavo A. Madero,Cuidad de México,5615474723,blanca270@gmail.com,proyecto/data/photos/photo_CAHM770321FHA4.png,2019-08-28,No aplica,True,False
s-0180,EVANGELINA,FLORES,CHAVARRIA,FLCM680715FKQ8,F82817843,Cibernetica 5 Secc 1 a,Unidad El Rosario,24300,Azcapotzalco,Cuidad de México,5566273187,evangelina816@gmail.com,proyecto/data/photos/photo_FLCM680715FKQ8.jpg,2020-10-12,No aplica,True,False
s-0181,MARIA NORMA,CASTILLO,MARTINEZ,CAMO720117FJQ8,N56563523,"REINA, 170",SAN ANGEL INN,10600,Álvaro Obregón,Cuidad de México,5547468997,maria364@hotmail.com,proyecto/data/photos/photo_CAMO720117FJQ8.png,2011-01-31,No aplica,True,False
s-0182,LAURA CAROLINA,ZAVALZA,GOMEZ,ZAGM771018FIP6,G10457811,Juan de la Barrera Mz 12 Lt 11 Num Of. 21,Col Guadalupe del Moral,93000,Iztapalapa,Cuidad de México,5547866655,laura828@outlook.com,proyecto/data/photos/photo_ZAGM771018FIP6.png,2018-02-03,2019-08-06,True,False
s-0183,VICTORIA,LOPEZ,COCON,LOCC730602FQI5,E39176955,Puerte Armuelles 22,Ampl. Piloto,12980,Álvaro Obregón,Cuidad de México,5527132712,victoria488@yahoo.com,proyecto/data/photos/photo_LOCC730602FQI5.jpg,2015-01-21,No aplica,True,False
s-0184,KEILA,PEREZ,XOCUA,PEXN800620FRM0,V12721522,LOPE DE VEGA 509 DEPTO 302,POLANCO V SECCION,11580,Miguel Hidalgo,Cuidad de México,5517085281,keila380@gmail.com,proyecto/data/photos/photo_PEXN800620FRM0.jpg,2016-06-03,No aplica,True,False
s-0185,ESMERALDA,MAY,JORGE,MAJA720829FEN6,L47986298,V Guerrero Lt 3 Mz 16,Lomas De Santa Cruz,97500,Iztapalapa,Cuidad de México,5619088576,esmeralda250@gmail.com,proyecto/data/photos/photo_MAJA720829FEN6.jpg,2011-11-04,No aplica,True,False
s-0186,ANA LIDIA,RODRIGUEZ,MACIAS,ROMA771005FXR6,R79617418,AV REVOLUCION 1176 EDIF SUR 1 DEPARTAMENTO 1102,SAN JOSE INSURGENTES,39000,Benito Juárez,Cuidad de México,5582067534,ana925@gmail.com,proyecto/data/photos/photo_ROMA771005FXR6.png,2013-10-12,No aplica,True,False
s-0187,MARIA GUADALUPE,JIMENEZ,SOLIS,JISO861106FRB7,D08201674,Aldama 14,Santiago Zapotitlan,13300,Tláhuac,Cuidad de México,5556164687,maria218@gmail.com,proyecto/data/photos/photo_JISO861106FRB7.png,2014-10-12,No aplica,True,False
s-0188,PATRICIA,GAONA,LEON,GALE800912FXM7,C91644640,Rublos 62,Fernando Casas Aleman,79600,Gustavo A. Madero,Cuidad de México,5642111365,patricia065@hotmail.com,proyecto/data/photos/photo_GALE800912FXM7.png,2020-01-16,No aplica,True,False
s-0189,ANELL,GUTIERREZ,RIVERA,GURH790125FDW0,V37681690,BLVD M DE CERVANTES SAAVEDRA No 171 S-1 CLOSET 04,GRANADA,11520,Miguel Hidalgo,Cuidad de México,5540705645,anell431@outlook.com,proyecto/data/photos/photo_GURH790125FDW0.png,2015-02-17,No aplica,True,True
s-0190,GABRIELA,GALINDO,ZUBIA,GAZR800722FFN6,No aplica,"Anll. PERIFERICO BLVRD MANUEL AVILA CAMACHO, 66 Local c. 203",LOMAS DE CHAPULTEPEC III SECCION,11000,Miguel Hidalgo,Cuidad de México,5512840165,gabriela298@gmail.com,proyecto/data/photos/photo_GAZR800722FFN6.png,2019-07-22,2019-08-12,False,True
s-0191,MARIA ASUNCION,GALLEGOS,DE SANTIAGO,GADG800415FFZ3,S64510476,Unidad Habitacional Xochinahuac Ed C 1 C1 301,Unidad Habtacional Xochinahuac,24300,Azcapotzalco,Cuidad de México,5643734693,maria410@gmail.com,proyecto/data/photos/photo_GADG800415FFZ3.png,2011-02-02,No aplica,True,False
s-0192,MARIA EUGENIA,JIMENEZ,SUARES,JISJ760506FCS5,G10690400,Matias Castellanos S/n,Fernando Carrizales,70700,Gustavo A. Madero,Cuidad de México,5566688732,maria174@gmail.com,proyecto/data/photos/photo_JISJ760506FCS5.png,2017-12-22,No aplica,True,True
s-0193,MARIA DEL ROSARIO,MORALES,GUTIERREZ,MOGM840926FGP1,T37747118,Pirul Edif 4 Depto 101 Zona Amarilla,U H Iztacalco,89000,Iztacalco,Cuidad de México,5674756245,maria544@outlook.com,proyecto/data/photos/photo_MOGM840926FGP1.png,2020-12-15,No aplica,True,False
s-0194,MAGDALENA,TORRES,BELTRAN,TOBM831126FRX6,M73760320,AV TLAHUAC 1577 COND 3 CASA 38,Uh Mirasoles,98800,Iztapalapa,Cuidad de México,5550373963,magdalena151@hotmail.com,proyecto/data/photos/photo_TOBM831126FRX6.png,2011-05-06,No aplica,True,False
s-0195,ELBA ROSA,HUITRON,GIL,HUGE810904FEW4,M15671986,"Avd. LAS TORRES, 805 Edif. B, Dpto. 1002",OLIVAR DE LOS PADRES,17800,Álvaro Obregón,Cuidad de México,5629070358,elba693@gmail.com,proyecto/data/photos/photo_HUGE810904FEW4.png,2018-09-15,No aplica,True,False
s-0196,LUZ DEL CARMEN,HERNANDEZ,DOMINGUEZ,HEDG830302FUO0,No aplica,"Eje 1 PONIENTE PROL GUERRERO, 340 Edif. ALLENDE 111, Ent. B, DEPTO 706",NONOALCO TLATELOLCO,69000,Cuauhtémoc,Cuidad de México,5577105502,luz615@gmail.com,proyecto/data/photos/photo_HEDG830302FUO0.png,2014-04-11,No aplica,False,True
s-0197,TANIA KARINA,LOPEZ,ZAVALA,LOZD790810FID9,Q04984366,Esperanza S/n,Santo Domingo,21400,Azcapotzalco,Cuidad de México,5618593478,tania377@hotmail.com,proyecto/data/photos/photo_LOZD790810FID9.png,2010-05-19,No aplica,True,False
s-0198,RICARDA,RIVERA,RAMIREZ,RIRI801022FSM8,N77666450,Nezahualcoyotl Z 5 Mz 132 Lt 26,Sta Ma Aztahuacan,95000,Iztapalapa,Cuidad de México,5661081736,ricarda436@yahoo.com,proyecto/data/photos/photo_RIRI801022FSM8.png,2019-01-12,No aplica,True,False
s-0199,MARIA ALEJANDRA,FLORES,AGUILAR,FLAA821126FMG9,P54783204,Aguascalientes Z 1 Mz 69 Lt 4,Chalma de Guadalupe,72100,Gustavo A. Madero,Cuidad de México,5618138031,maria529@gmail.com,proyecto/data/photos/photo_FLAA821126FMG9.png,2015-02-28,No aplica,True,False
s-0200,MARTINA,CUEVAS,GONZALEZ,CUGC761022FYX6,No aplica,ALBA No 93  DEPARTAMENTO  403,INSURGENTES CUICUILCO,45300,Coyoacán,Cuidad de México,5686169090,martina016@gmail.com,proyecto/data/photos/photo_CUGC761022FYX6.png,2021-12-30,No aplica,False,True
