num_economico,id_socio,marca,modelo,anio,tipo_conduccion,num_cilindros,pasajeros,puertas,combustible,refaccion,aseguradora,tipo_seguro,vigencia_seg,activo,razon
eco-0001,s-0020,NISSAN,Sentra,2007,Cambio automático,6,3,5,Motor gasolina,Sí,HDI,Plus,2022-10-13,True,No aplica
eco-0002,s-0164,NISSAN,Tsuru,2004,Cambio automático,4,4,4,Motor gasolina,Sí,GNP,Básica,2022-01-05,True,No aplica
eco-0003,s-0099,FORD,Figo,2012,Cambio manual,4,3,5,Motor diesel,Sí,GNP,Limitada,2021-04-05,True,No aplica
eco-0004,s-0003,CHEVROLET,Aveo,2020,Cambio automático,6,4,4,Motor gasolina,No,BBVA,Básica,2021-02-28,True,No aplica
eco-0005,s-0075,FORD,Fiesta,2013,Cambio manual,4,4,4,Motor gasolina,Sí,QUALITAS,Limitada,2021-07-21,True,No aplica
eco-0006,s-0138,NISSAN,Tsuru,2013,Cambio manual,4,4,4,Motor diesel,Sí,AXA,Limitada,2022-06-13,True,No aplica
eco-0007,s-0098,CHEVROLET,Onix,2020,Cambio manual,4,3,4,Motor gasolina,Sí,QUALITAS,Básica,2021-05-28,True,No aplica
eco-0008,s-0196,NISSAN,Tsuru,2003,Cambio automático,4,4,4,Motor diesel,No,BBVA,Básica,2021-12-22,True,No aplica
eco-0009,s-0192,CHEVROLET,Captiva,2014,Cambio manual,4,4,4,Motor gasolina,Sí,AXA,Básica,2022-12-10,True,No aplica
eco-0010,s-0190,NISSAN,Sentra,2011,Cambio manual,4,4,4,Motor diesel,Sí,BBVA,Básica,2022-06-10,True,No aplica
eco-0011,s-0089,NISSAN,Tsuru,2001,Cambio automático,4,3,5,Motor gasolina,Sí,BBVA,Básica,2021-10-08,True,No aplica
eco-0012,s-0146,CHEVROLET,Aveo,2012,Cambio automático,4,3,4,Motor gasolina,Sí,AXA,Básica,2021-09-19,True,No aplica
eco-0013,s-0096,FORD,Fiesta,2015,Cambio manual,4,4,5,Motor gasolina,Sí,HDI,Limitada,2021-09-19,True,No aplica
eco-0014,s-0160,NISSAN,Tsuru,2011,Cambio automático,6,4,5,Motor gasolina,No,BBVA,Limitada,2021-06-08,True,No aplica
eco-0015,s-0035,FORD,Sedán,2018,Cambio manual,4,3,5,Motor gasolina,Sí,AXA,Limitada,2021-12-22,True,No aplica
eco-0016,s-0043,NISSAN,Versa,2005,Cambio automático,6,4,4,Motor gasolina,Sí,AXA,Básica,2022-07-23,True,No aplica
eco-0017,s-0030,NISSAN,Tsuru,2005,Cambio automático,4,4,5,Motor gasolina,Sí,AXA,Básica,2022-08-26,True,No aplica
eco-0018,s-0029,NISSAN,Tsuru,2013,Cambio automático,6,4,4,Motor diesel,Sí,GNP,Plus,2021-06-16,True,No aplica
eco-0019,s-0001,CHEVROLET,Aveo,2019,Cambio automático,6,4,4,Motor gasolina,Sí,HDI,Básica,2022-02-11,True,No aplica
eco-0020,s-0100,NISSAN,Tsuru,2001,Cambio manual,4,3,4,Motor diesel,Sí,AXA,Amplia,2021-11-14,True,No aplica
eco-0021,s-0082,CHEVROLET,Onix,2011,Cambio automático,6,4,5,Motor diesel,Sí,BBVA,Básica,2021-10-15,True,No aplica
eco-0022,s-0045,NISSAN,Tsuru,2015,Cambio automático,6,4,4,Motor gasolina,Sí,BBVA,Básica,2021-05-21,True,No aplica
eco-0023,s-0110,CHEVROLET,Captiva,2020,Cambio manual,4,4,4,Motor diesel,Sí,BBVA,Amplia,2022-01-02,True,No aplica
eco-0024,s-0069,NISSAN,Tsuru,2003,Cambio manual,6,4,5,Motor gasolina,Sí,BBVA,Limitada,2021-08-14,False,Vehículo robado
eco-0025,s-0060,CHEVROLET,Aveo,2010,Cambio automático,6,3,5,Motor diesel,Sí,BBVA,Básica,2022-02-28,True,No aplica
eco-0026,s-0154,NISSAN,Tsuru,2011,Cambio automático,6,3,5,Motor gasolina,Sí,BBVA,Limitada,2022-05-24,True,No aplica
eco-0027,s-0038,NISSAN,Sentra,2006,Cambio automático,4,4,5,Motor gasolina,Sí,BBVA,Básica,2021-09-22,True,No aplica
eco-0028,s-0156,CHEVROLET,Onix,2020,Cambio automático,6,4,4,Motor diesel,No,BBVA,Básica,2022-08-04,True,No aplica
eco-0029,s-0049,CHEVROLET,Aveo,2013,Cambio automático,4,3,5,Motor gasolina,Sí,BBVA,Amplia,2021-12-29,True,No aplica
eco-0030,s-0136,CHEVROLET,Onix,2014,Cambio automático,4,4,5,Motor diesel,Sí,HDI,Básica,2022-01-05,True,No aplica
eco-0031,s-0153,NISSAN,Versa,2009,Cambio automático,4,4,4,Motor diesel,Sí,BBVA,Básica,2021-01-15,True,No aplica
eco-0032,s-0024,FORD,Figo,2013,Cambio manual,4,4,4,Motor gasolina,No,QUALITAS,Básica,2021-08-03,True,No aplica
eco-0033,s-0124,FORD,Fiesta,2013,Cambio automático,6,4,5,Motor diesel,Sí,QUALITAS,Limitada,2021-03-26,True,No aplica
eco-0034,s-0177,NISSAN,Sentra,2004,Cambio manual,6,3,5,Motor diesel,No,BBVA,Amplia,2021-05-01,True,No aplica
eco-0035,s-0142,CHEVROLET,Aveo,2016,Cambio manual,4,3,4,Motor diesel,Sí,BBVA,Básica,2022-11-07,True,No aplica
eco-0036,s-0133,FORD,Figo,2015,Cambio manual,4,4,5,Motor diesel,Sí,BBVA,Básica,2022-03-12,True,No aplica
eco-0037,s-0143,NISSAN,Tsuru,2008,Cambio automático,4,4,5,Motor diesel,Sí,GNP,Amplia,2022-12-30,True,No aplica
eco-0038,s-0132,NISSAN,Tsuru,2000,Cambio manual,4,3,4,Motor gasolina,Sí,HDI,Básica,2022-03-30,True,No aplica
eco-0039,s-0121,NISSAN,Tsuru,2000,Cambio automático,6,3,5,Motor gasolina,Sí,BBVA,Limitada,2022-04-16,True,No aplica
eco-0040,s-0050,CHEVROLET,Onix,2020,Cambio automático,4,4,5,Motor diesel,Sí,HDI,Básica,2021-10-09,True,No aplica
eco-0041,s-0031,NISSAN,Tsuru,2000,Cambio automático,4,4,5,Motor gasolina,Sí,BBVA,Básica,2021-12-15,True,No aplica
eco-0042,s-0189,NISSAN,Tsuru,2008,Cambio automático,4,4,5,Motor diesel,Sí,BBVA,Limitada,2022-04-20,True,No aplica
eco-0043,s-0103,CHEVROLET,Onix,2018,Cambio manual,4,4,4,Motor gasolina,Sí,HDI,Básica,2021-08-24,True,No aplica
eco-0044,s-0058,FORD,Sedán,2011,Cambio automático,6,3,5,Motor diesel,Sí,QUALITAS,Amplia,2021-06-01,True,No aplica
eco-0045,s-0200,NISSAN,Versa,2014,Cambio manual,4,4,4,Motor gasolina,Sí,BBVA,Básica,2021-10-06,True,No aplica
eco-0046,s-0048,FORD,Figo,2012,Cambio automático,6,3,4,Motor gasolina,Sí,HDI,Básica,2021-12-28,True,No aplica
eco-0047,s-0009,NISSAN,Tsuru,2000,Cambio automático,4,3,4,Motor gasolina,Sí,QUALITAS,Básica,2021-05-24,True,No aplica
eco-0048,s-0085,NISSAN,Sentra,2003,Cambio manual,6,4,4,Motor diesel,Sí,BBVA,Amplia,2021-09-21,False,Suspensión
eco-0049,s-0155,CHEVROLET,Aveo,2015,Cambio automático,6,4,4,Motor gasolina,Sí,BBVA,Básica,2022-02-11,True,No aplica
eco-0050,s-0128,NISSAN,Versa,2004,Cambio automático,4,4,5,Motor gasolina,No,BBVA,Básica,2022-06-05,True,No aplica
eco-0051,s-0116,NISSAN,Tsuru,2012,Cambio automático,6,4,4,Motor diesel,No,AXA,Limitada,2021-04-17,True,No aplica
eco-0052,s-0158,CHEVROLET,Captiva,2013,Cambio manual,4,4,5,Motor gasolina,Sí,BBVA,Básica,2021-11-12,True,No aplica
eco-0053,s-0012,NISSAN,Versa,2009,Cambio manual,4,4,4,Motor diesel,Sí,HDI,Básica,2022-07-17,False,Accidente
eco-0054,s-0094,FORD,Sedán,2011,Cambio automático,4,4,5,Motor gasolina,No,BBVA,Básica,2022-08-25,True,No aplica
eco-0055,s-0032,CHEVROLET,Aveo,2011,Cambio automático,4,4,5,Motor gasolina,No,GNP,Básica,2022-08-25,True,No aplica
eco-0056,s-0039,CHEVROLET,Captiva,2016,Cambio manual,4,4,5,Motor gasolina,Sí,BBVA,Básica,2022-08-18,True,No aplica
eco-0057,s-0091,FORD,Figo,2015,Cambio automático,4,4,5,Motor diesel,No,QUALITAS,Básica,2021-08-01,False,Accidente
eco-0058,s-0131,FORD,Figo,2012,Cambio manual,4,3,4,Motor diesel,No,BBVA,Básica,2022-04-29,True,No aplica
eco-0059,s-0161,NISSAN,Tsuru,2007,Cambio manual,4,4,4,Motor gasolina,Sí,BBVA,Plus,2021-08-28,False,Reporte de robo
eco-0060,s-0074,FORD,Figo,2017,Cambio automático,4,3,5,Motor diesel,Sí,GNP,Plus,2021-08-03,True,No aplica
eco-0061,s-0095,NISSAN,Tsuru,2001,Cambio manual,4,3,4,Motor gasolina,Sí,BBVA,Básica,2022-01-31,True,No aplica
eco-0062,s-0130,FORD,Sedán,2018,Cambio automático,4,4,5,Motor diesel,No,GNP,Plus,2022-01-18,True,No aplica
eco-0063,s-0044,NISSAN,Versa,2006,Cambio manual,4,4,4,Motor diesel,Sí,BBVA,Básica,2022-10-14,True,No aplica
eco-0064,s-0007,NISSAN,Versa,2006,Cambio manual,6,4,5,Motor diesel,Sí,BBVA,Básica,2022-12-29,True,No aplica
eco-0065,s-0167,FORD,Figo,2016,Cambio automático,6,4,5,Motor gasolina,Sí,QUALITAS,Limitada,2022-06-24,True,No aplica
eco-0066,s-0017,NISSAN,Tsuru,2014,Cambio automático,6,4,5,Motor diesel,No,BBVA,Básica,2021-08-03,True,No aplica
eco-0067,s-0066,FORD,Sedán,2011,Cambio automático,4,3,4,Motor diesel,Sí,GNP,Básica,2021-11-20,True,No aplica
eco-0068,s-0173,CHEVROLET,Captiva,2011,Cambio automático,4,4,5,Motor gasolina,Sí,BBVA,Limitada,2022-11-27,True,No aplica
eco-0069,s-0018,NISSAN,Tsuru,2014,Cambio automático,4,4,5,Motor gasolina,Sí,BBVA,Limitada,2022-08-29,True,No aplica
eco-0070,s-0078,NISSAN,Tsuru,2006,Cambio automático,6,4,4,Motor gasolina,No,BBVA,Básica,2021-02-01,True,No aplica
eco-0071,s-0020,FORD,Figo,2011,Cambio automático,4,4,5,Motor gasolina,No,BBVA,Básica,2022-03-20,True,No aplica
eco-0072,s-0018,CHEVROLET,Captiva,2017,Cambio manual,4,3,4,Motor diesel,Sí,AXA,Básica,2022-09-23,True,No aplica
eco-0073,s-0099,NISSAN,Tsuru,2009,Cambio automático,6,4,5,Motor diesel,Sí,BBVA,Limitada,2022-08-06,True,No aplica
eco-0074,s-0035,NISSAN,Tsuru,2003,Cambio automático,4,4,5,Motor gasolina,Sí,BBVA,Limitada,2022-11-29,True,No aplica
eco-0075,s-0164,NISSAN,Tsuru,2005,Cambio automático,4,4,4,Motor gasolina,No,BBVA,Básica,2022-12-15,False,Baja voluntaria
eco-0076,s-0043,CHEVROLET,Aveo,2010,Cambio automático,4,3,4,Motor diesel,Sí,QUALITAS,Básica,2021-09-09,True,No aplica
eco-0077,s-0085,CHEVROLET,Onix,2013,Cambio automático,4,3,4,Motor gasolina,No,QUALITAS,Básica,2021-01-01,True,No aplica
eco-0078,s-0132,CHEVROLET,Aveo,2016,Cambio manual,6,4,5,Motor gasolina,Sí,BBVA,Básica,2022-12-29,False,Reporte de robo
eco-0079,s-0039,CHEVROLET,Aveo,2013,Cambio automático,6,3,4,Motor diesel,Sí,HDI,Básica,2021-01-29,True,No aplica
eco-0080,s-0009,NISSAN,Tsuru,2006,Cambio automático,4,4,5,Motor gasolina,Sí,BBVA,Plus,2022-05-26,True,No aplica
eco-0081,s-0075,NISSAN,Tsuru,2001,Cambio manual,6,4,5,Motor gasolina,Sí,GNP,Básica,2021-02-22,True,No aplica
eco-0082,s-0069,NISSAN,Tsuru,2002,Cambio automático,6,4,5,Motor gasolina,No,HDI,Básica,2022-05-21,True,No aplica
eco-0083,s-0110,NISSAN,Versa,2010,Cambio manual,6,4,5,Motor gasolina,Sí,BBVA,Básica,2022-12-02,True,No aplica
eco-0084,s-0173,NISSAN,Tsuru,2006,Cambio manual,4,4,4,Motor gasolina,Sí,GNP,Plus,2022-05-20,True,No aplica
eco-0085,s-0167,NISSAN,Tsuru,2006,Cambio automático,6,3,5,Motor gasolina,No,GNP,Básica,2021-02-15,True,No aplica
eco-0086,s-0095,CHEVROLET,Aveo,2015,Cambio manual,4,4,5,Motor diesel,Sí,AXA,Básica,2022-04-04,True,No aplica
eco-0087,s-0130,FORD,Figo,2018,Cambio manual,4,4,5,Motor diesel,Sí,BBVA,Plus,2021-10-19,True,No aplica
eco-0088,s-0007,NISSAN,Sentra,2002,Cambio manual,6,3,5,Motor diesel,Sí,BBVA,Básica,2022-10-29,True,No aplica
eco-0089,s-0032,NISSAN,Tsuru,2001,Cambio automático,4,4,5,Motor diesel,Sí,BBVA,Plus,2022-11-26,True,No aplica
eco-0090,s-0045,NISSAN,Versa,2002,Cambio manual,4,4,5,Motor diesel,Sí,BBVA,Básica,2022-03-20,True,No aplica
eco-0091,s-0094,NISSAN,Sentra,2005,Cambio automático,4,4,5,Motor gasolina,Sí,GNP,Básica,2021-08-17,True,No aplica
eco-0092,s-0190,CHEVROLET,Onix,2010,Cambio automático,4,4,5,Motor gasolina,No,GNP,Básica,2022-08-26,True,No aplica
eco-0093,s-0131,FORD,Fiesta,2013,Cambio manual,4,4,5,Motor diesel,No,QUALITAS,Limitada,2022-10-16,True,No aplica
eco-0094,s-0038,CHEVROLET,Aveo,2010,Cambio manual,4,3,4,Motor diesel,Sí,BBVA,Básica,2022-11-09,True,No aplica
eco-0095,s-0155,NISSAN,Tsuru,2012,Cambio manual,4,4,4,Motor gasolina,Sí,QUALITAS,Básica,2021-07-20,True,No aplica
eco-0096,s-0100,FORD,Figo,2010,Cambio automático,4,4,5,Motor gasolina,Sí,QUALITAS,Limitada,2021-05-08,True,No aplica
eco-0097,s-0136,NISSAN,Versa,2013,Cambio automático,4,4,4,Motor diesel,Sí,AXA,Básica,2021-07-16,True,No aplica
eco-0098,s-0060,NISSAN,Tsuru,2013,Cambio automático,6,4,5,Motor diesel,Sí,QUALITAS,Básica,2022-10-29,True,No aplica
eco-0099,s-0124,FORD,Figo,2011,Cambio manual,6,4,5,Motor diesel,Sí,BBVA,Básica,2021-03-02,True,No aplica
eco-0100,s-0200,NISSAN,Tsuru,2013,Cambio automático,4,4,4,Motor diesel,Sí,BBVA,Limitada,2022-08-25,True,No aplica
eco-0101,s-0091,NISSAN,Versa,2000,Cambio manual,4,4,4,Motor gasolina,Sí,BBVA,Básica,2022-11-21,True,No aplica
eco-0102,s-0192,CHEVROLET,Aveo,2010,Cambio automático,4,4,5,Motor gasolina,No,BBVA,Básica,2022-01-06,True,No aplica
eco-0103,s-0158,FORD,Fiesta,2013,Cambio manual,4,4,5,Motor diesel,Sí,QUALITAS,Básica,2021-07-26,True,No aplica
eco-0104,s-0153,CHEVROLET,Aveo,2014,Cambio automático,4,4,5,Motor diesel,No,HDI,Limitada,2022-10-20,True,No aplica
eco-0105,s-0058,CHEVROLET,Onix,2010,Cambio manual,6,4,4,Motor diesel,Sí,BBVA,Plus,2021-02-28,True,No aplica
eco-0106,s-0103,NISSAN,Versa,2013,Cambio automático,6,4,4,Motor diesel,Sí,HDI,Básica,2021-03-18,True,No aplica
eco-0107,s-0142,CHEVROLET,Aveo,2012,Cambio manual,4,3,5,Motor gasolina,Sí,BBVA,Amplia,2021-03-10,True,No aplica
eco-0108,s-0161,NISSAN,Tsuru,2015,Cambio automático,6,4,4,Motor diesel,Sí,HDI,Básica,2022-12-02,True,No aplica
eco-0109,s-0017,FORD,Figo,2010,Cambio automático,4,3,4,Motor diesel,Sí,QUALITAS,Básica,2022-10-14,True,No aplica
eco-0110,s-0012,CHEVROLET,Aveo,2016,Cambio manual,4,4,5,Motor gasolina,No,BBVA,Limitada,2022-06-30,True,No aplica
eco-0111,s-0121,CHEVROLET,Aveo,2019,Cambio manual,6,3,5,Motor gasolina,No,QUALITAS,Limitada,2021-05-24,True,No aplica
eco-0112,s-0089,NISSAN,Tsuru,2001,Cambio automático,4,4,5,Motor gasolina,No,AXA,Limitada,2021-02-13,False,Accidente
eco-0113,s-0098,FORD,Figo,2011,Cambio manual,4,4,4,Motor gasolina,Sí,GNP,Básica,2022-03-04,True,No aplica
eco-0114,s-0177,CHEVROLET,Onix,2017,Cambio manual,4,3,4,Motor diesel,Sí,GNP,Básica,2022-05-12,True,No aplica
eco-0115,s-0031,CHEVROLET,Captiva,2017,Cambio automático,4,4,4,Motor diesel,Sí,BBVA,Amplia,2022-02-05,True,No aplica
eco-0116,s-0096,NISSAN,Tsuru,2004,Cambio manual,4,4,5,Motor gasolina,Sí,AXA,Limitada,2022-01-01,True,No aplica
eco-0117,s-0048,NISSAN,Tsuru,2000,Cambio automático,4,4,5,Motor diesel,Sí,BBVA,Amplia,2022-06-29,True,No aplica
eco-0118,s-0050,NISSAN,Sentra,2012,Cambio manual,6,4,4,Motor gasolina,Sí,BBVA,Básica,2022-12-30,False,Baja voluntaria
eco-0119,s-0066,NISSAN,Versa,2005,Cambio automático,4,3,4,Motor gasolina,Sí,HDI,Limitada,2022-12-28,True,No aplica
eco-0120,s-0029,NISSAN,Sentra,2003,Cambio automático,4,4,5,Motor diesel,Sí,BBVA,Básica,2022-06-16,True,No aplica
eco-0121,s-0030,NISSAN,Tsuru,2007,Cambio automático,4,4,5,Motor diesel,Sí,BBVA,Básica,2022-05-25,True,No aplica
eco-0122,s-0189,NISSAN,Versa,2001,Cambio automático,6,3,5,Motor diesel,Sí,BBVA,Básica,2022-12-08,True,No aplica
eco-0123,s-0116,CHEVROLET,Aveo,2013,Cambio manual,4,4,5,Motor diesel,Sí,QUALITAS,Plus,2022-11-14,True,No aplica
eco-0124,s-0138,NISSAN,Tsuru,2010,Cambio automático,6,4,5,Motor gasolina,Sí,QUALITAS,Básica,2021-07-18,False,Vehículo robado
eco-0125,s-0003,NISSAN,Sentra,2005,Cambio automático,4,4,5,Motor diesel,No,QUALITAS,Limitada,2022-12-30,True,No aplica
eco-0126,s-0074,CHEVROLET,Aveo,2015,Cambio automático,6,4,5,Motor gasolina,Sí,BBVA,Plus,2022-03-30,True,No aplica
eco-0127,s-0143,CHEVROLET,Onix,2010,Cambio automático,6,3,5,Motor diesel,Sí,BBVA,Básica,2022-01-16,False,Reporte de robo
eco-0128,s-0133,NISSAN,Tsuru,2015,Cambio automático,4,4,4,Motor gasolina,Sí,BBVA,Básica,2022-06-11,True,No aplica
eco-0129,s-0082,CHEVROLET,Aveo,2013,Cambio automático,4,4,5,Motor gasolina,Sí,BBVA,Básica,2022-03-03,True,No aplica
eco-0130,s-0044,CHEVROLET,Onix,2014,Cambio automático,4,4,5,Motor gasolina,Sí,BBVA,Básica,2022-07-01,True,No aplica
eco-0131,s-0001,CHEVROLET,Aveo,2012,Cambio automático,6,4,4,Motor diesel,Sí,BBVA,Básica,2022-02-12,True,No aplica
eco-0132,s-0156,FORD,Figo,2011,Cambio manual,6,4,5,Motor gasolina,Sí,QUALITAS,Básica,2022-11-14,True,No aplica
eco-0133,s-0078,CHEVROLET,Onix,2014,Cambio automático,6,4,4,Motor diesel,Sí,BBVA,Básica,2022-01-27,True,No aplica
eco-0134,s-0049,NISSAN,Tsuru,2013,Cambio manual,4,4,4,Motor gasolina,Sí,BBVA,Limitada,2022-06-30,True,No aplica
eco-0135,s-0024,CHEVROLET,Captiva,2015,Cambio automático,4,3,5,Motor diesel,Sí,AXA,Básica,2022-06-14,True,No aplica
eco-0136,s-0154,NISSAN,Tsuru,2000,Cambio manual,6,3,5,Motor diesel,Sí,QUALITAS,Limitada,2021-07-02,True,No aplica
eco-0137,s-0196,NISSAN,Tsuru,2015,Cambio automático,4,3,4,Motor diesel,Sí,HDI,Básica,2021-11-03,True,No aplica
eco-0138,s-0160,NISSAN,Tsuru,2002,Cambio automático,4,3,5,Motor diesel,Sí,HDI,Básica,2021-09-13,True,No aplica
eco-0139,s-0146,CHEVROLET,Aveo,2010,Cambio automático,6,3,4,Motor diesel,Sí,BBVA,Básica,2022-12-31,True,No aplica
eco-0140,s-0128,FORD,Fiesta,2011,Cambio manual,4,4,5,Motor diesel,Sí,AXA,Limitada,2021-11-18,True,No aplica
eco-0141,s-0200,CHEVROLET,Captiva,2011,Cambio automático,4,4,4,Motor gasolina,Sí,GNP,Básica,2021-12-08,True,No aplica
eco-0142,s-0031,FORD,Figo,2010,Cambio automático,4,3,4,Motor diesel,Sí,AXA,Plus,2022-12-13,True,No aplica
eco-0143,s-0155,NISSAN,Versa,2012,Cambio automático,4,4,4,Motor gasolina,Sí,BBVA,Básica,2022-05-21,True,No aplica
eco-0144,s-0098,CHEVROLET,Captiva,2019,Cambio automático,6,4,5,Motor diesel,Sí,QUALITAS,Básica,2021-07-01,False,Baja voluntaria
eco-0145,s-0009,NISSAN,Sentra,2007,Cambio automático,4,4,5,Motor diesel,Sí,AXA,Plus,2022-02-08,False,Accidente
eco-0146,s-0177,NISSAN,Versa,2007,Cambio automático,4,3,4,Motor gasolina,Sí,BBVA,Básica,2022-07-04,True,No aplica
eco-0147,s-0020,NISSAN,Tsuru,2006,Cambio manual,6,4,5,Motor diesel,Sí,BBVA,Básica,2021-02-05,True,No aplica
eco-0148,s-0189,CHEVROLET,Onix,2013,Cambio manual,6,4,5,Motor diesel,Sí,BBVA,Amplia,2021-08-07,True,No aplica
eco-0149,s-0089,NISSAN,Tsuru,2005,Cambio manual,4,4,4,Motor gasolina,Sí,BBVA,Amplia,2022-05-07,True,No aplica
eco-0150,s-0074,NISSAN,Versa,2011,Cambio manual,4,4,4,Motor diesel,Sí,QUALITAS,Básica,2022-09-20,True,No aplica
eco-0151,s-0044,NISSAN,Tsuru,2006,Cambio manual,4,4,5,Motor gasolina,Sí,GNP,Limitada,2021-01-21,False,Baja voluntaria
eco-0152,s-0100,NISSAN,Versa,2010,Cambio manual,4,3,5,Motor gasolina,Sí,BBVA,Limitada,2022-09-03,True,No aplica
eco-0153,s-0066,CHEVROLET,Captiva,2012,Cambio manual,4,4,5,Motor gasolina,No,BBVA,Básica,2022-11-13,False,Accidente
eco-0154,s-0094,CHEVROLET,Aveo,2013,Cambio automático,4,4,4,Motor gasolina,Sí,BBVA,Limitada,2022-04-09,True,No aplica
eco-0155,s-0001,CHEVROLET,Onix,2014,Cambio automático,6,4,5,Motor diesel,Sí,BBVA,Plus,2021-05-14,True,No aplica
eco-0156,s-0116,NISSAN,Tsuru,2000,Cambio manual,4,4,5,Motor gasolina,Sí,BBVA,Básica,2021-11-23,True,No aplica
eco-0157,s-0158,FORD,Sedán,2017,Cambio automático,4,4,5,Motor diesel,No,AXA,Limitada,2021-07-28,True,No aplica
eco-0158,s-0085,FORD,Figo,2011,Cambio automático,4,4,4,Motor diesel,Sí,HDI,Básica,2021-01-27,True,No aplica
eco-0159,s-0091,NISSAN,Versa,2015,Cambio automático,4,4,5,Motor gasolina,Sí,GNP,Básica,2022-05-05,True,No aplica
eco-0160,s-0132,CHEVROLET,Aveo,2016,Cambio automático,4,3,4,Motor diesel,Sí,AXA,Básica,2022-08-17,True,No aplica
eco-0161,s-0156,FORD,Sedán,2013,Cambio automático,4,4,5,Motor diesel,No,BBVA,Limitada,2021-03-28,True,No aplica
eco-0162,s-0196,NISSAN,Tsuru,2014,Cambio automático,4,4,4,Motor gasolina,Sí,QUALITAS,Básica,2021-02-07,True,No aplica
eco-0163,s-0095,FORD,Figo,2018,Cambio automático,4,4,4,Motor diesel,Sí,BBVA,Básica,2022-05-22,True,No aplica
eco-0164,s-0048,CHEVROLET,Aveo,2012,Cambio manual,6,3,5,Motor gasolina,Sí,BBVA,Limitada,2021-01-10,True,No aplica
eco-0165,s-0024,FORD,Figo,2015,Cambio automático,4,3,5,Motor diesel,Sí,BBVA,Básica,2022-05-09,True,No aplica
eco-0166,s-0167,NISSAN,Versa,2003,Cambio manual,4,4,5,Motor diesel,Sí,BBVA,Amplia,2022-10-23,True,No aplica
eco-0167,s-0049,NISSAN,Versa,2007,Cambio manual,4,4,4,Motor gasolina,Sí,GNP,Básica,2022-02-28,True,No aplica
eco-0168,s-0035,CHEVROLET,Captiva,2015,Cambio automático,4,4,5,Motor gasolina,Sí,QUALITAS,Básica,2021-04-28,True,No aplica
eco-0169,s-0136,NISSAN,Tsuru,2003,Cambio manual,4,3,4,Motor gasolina,No,BBVA,Básica,2021-07-30,True,No aplica
eco-0170,s-0143,NISSAN,Tsuru,2000,Cambio automático,6,3,5,Motor gasolina,Sí,QUALITAS,Básica,2022-03-09,True,No aplica
eco-0171,s-0078,NISSAN,Versa,2005,Cambio automático,4,4,5,Motor gasolina,Sí,BBVA,Limitada,2022-10-11,True,No aplica
eco-0172,s-0043,CHEVROLET,Aveo,2011,Cambio automático,4,4,4,Motor diesel,Sí,QUALITAS,Básica,2022-02-26,True,No aplica
eco-0173,s-0138,NISSAN,Sentra,2007,Cambio manual,4,4,5,Motor diesel,Sí,BBVA,Básica,2021-05-25,True,No aplica
eco-0174,s-0045,FORD,Figo,2013,Cambio automático,4,4,5,Motor diesel,No,BBVA,Básica,2021-02-24,False,Accidente
eco-0175,s-0030,FORD,Figo,2012,Cambio automático,4,3,5,Motor diesel,Sí,BBVA,Plus,2022-09-21,False,Accidente
eco-0176,s-0133,CHEVROLET,Aveo,2017,Cambio manual,4,4,5,Motor gasolina,Sí,BBVA,Básica,2021-08-04,True,No aplica
eco-0177,s-0082,NISSAN,Tsuru,2000,Cambio automático,6,4,5,Motor gasolina,Sí,BBVA,Básica,2021-01-03,True,No aplica
eco-0178,s-0003,NISSAN,Sentra,2007,Cambio manual,4,3,5,Motor diesel,No,QUALITAS,Plus,2022-03-16,True,No aplica
eco-0179,s-0128,NISSAN,Sentra,2015,Cambio automático,4,4,5,Motor diesel,Sí,BBVA,Limitada,2021-06-16,True,No aplica
eco-0180,s-0060,FORD,Figo,2012,Cambio manual,4,4,5,Motor diesel,Sí,QUALITAS,Básica,2022-01-05,False,Baja voluntaria
eco-0181,s-0146,CHEVROLET,Aveo,2013,Cambio manual,6,4,5,Motor gasolina,No,BBVA,Básica,2022-09-24,True,No aplica
eco-0182,s-0154,NISSAN,Tsuru,2008,Cambio automático,4,3,4,Motor diesel,Sí,QUALITAS,Limitada,2021-04-28,True,No aplica
eco-0183,s-0192,NISSAN,Versa,2000,Cambio automático,6,4,5,Motor diesel,No,GNP,Básica,2022-09-26,True,No aplica
eco-0184,s-0050,CHEVROLET,Aveo,2012,Cambio automático,4,4,5,Motor diesel,Sí,QUALITAS,Básica,2021-10-05,True,No aplica
eco-0185,s-0039,NISSAN,Tsuru,2007,Cambio automático,4,4,5,Motor gasolina,Sí,BBVA,Básica,2021-12-31,True,No aplica
eco-0186,s-0131,NISSAN,Tsuru,2002,Cambio automático,4,3,5,Motor diesel,No,QUALITAS,Básica,2021-08-09,True,No aplica
eco-0187,s-0029,CHEVROLET,Aveo,2015,Cambio automático,4,4,5,Motor diesel,Sí,BBVA,Limitada,2022-12-13,True,No aplica
eco-0188,s-0161,NISSAN,Tsuru,2007,Cambio manual,4,3,4,Motor gasolina,Sí,QUALITAS,Básica,2022-11-30,False,Accidente
eco-0189,s-0032,NISSAN,Tsuru,2011,Cambio automático,6,4,5,Motor gasolina,Sí,BBVA,Básica,2021-08-09,True,No aplica
eco-0190,s-0110,NISSAN,Tsuru,2003,Cambio manual,4,4,4,Motor diesel,Sí,GNP,Básica,2022-01-16,True,No aplica
eco-0191,s-0153,CHEVROLET,Aveo,2018,Cambio manual,4,4,5,Motor diesel,Sí,HDI,Básica,2022-01-26,True,No aplica
eco-0192,s-0173,NISSAN,Tsuru,2005,Cambio manual,4,4,4,Motor diesel,Sí,QUALITAS,Básica,2021-08-01,True,No aplica
eco-0193,s-0058,FORD,Fiesta,2011,Cambio automático,6,3,4,Motor diesel,Sí,QUALITAS,Básica,2022-08-29,True,No aplica
eco-0194,s-0069,CHEVROLET,Onix,2010,Cambio automático,4,4,5,Motor diesel,Sí,BBVA,Básica,2022-06-27,True,No aplica
eco-0195,s-0103,NISSAN,Tsuru,2001,Cambio automático,4,4,5,Motor diesel,No,QUALITAS,Básica,2021-01-16,True,No aplica
eco-0196,s-0099,NISSAN,Sentra,2000,Cambio manual,6,4,4,Motor diesel,Sí,GNP,Básica,2021-12-05,True,No aplica
eco-0197,s-0124,NISSAN,Tsuru,2002,Cambio manual,4,4,5,Motor diesel,Sí,QUALITAS,Básica,2022-07-17,True,No aplica
eco-0198,s-0075,CHEVROLET,Aveo,2014,Cambio manual,4,4,5,Motor gasolina,Sí,BBVA,Básica,2021-10-21,True,No aplica
eco-0199,s-0018,NISSAN,Tsuru,2004,Cambio automático,6,3,4,Motor diesel,Sí,HDI,Básica,2022-12-07,True,No aplica
eco-0200,s-0142,NISSAN,Versa,2000,Cambio automático,4,4,5,Motor gasolina,Sí,HDI,Limitada,2022-08-04,True,No aplica
eco-0201,s-0164,NISSAN,Tsuru,2012,Cambio automático,4,4,5,Motor diesel,No,QUALITAS,Limitada,2022-10-07,False,Suspensión
eco-0202,s-0160,NISSAN,Tsuru,2006,Cambio manual,4,4,4,Motor diesel,Sí,AXA,Básica,2022-05-03,True,No aplica
eco-0203,s-0130,NISSAN,Tsuru,2014,Cambio automático,4,4,5,Motor diesel,Sí,AXA,Limitada,2022-02-11,True,No aplica
eco-0204,s-0017,NISSAN,Tsuru,2005,Cambio automático,4,4,5,Motor diesel,Sí,GNP,Limitada,2022-10-28,True,No aplica
eco-0205,s-0121,CHEVROLET,Aveo,2017,Cambio automático,6,4,5,Motor gasolina,No,QUALITAS,Limitada,2021-03-08,True,No aplica
eco-0206,s-0190,CHEVROLET,Captiva,2012,Cambio automático,6,4,5,Motor gasolina,Sí,BBVA,Básica,2021-07-22,True,No aplica
eco-0207,s-0007,CHEVROLET,Aveo,2014,Cambio automático,4,4,5,Motor gasolina,Sí,QUALITAS,Limitada,2021-10-28,True,No aplica
eco-0208,s-0096,CHEVROLET,Aveo,2017,Cambio manual,6,4,5,Motor diesel,No,BBVA,Básica,2022-08-12,True,No aplica
eco-0209,s-0012,CHEVROLET,Aveo,2010,Cambio automático,4,3,4,Motor gasolina,Sí,QUALITAS,Amplia,2021-04-19,True,No aplica
eco-0210,s-0038,CHEVROLET,Captiva,2012,Cambio automático,6,3,5,Motor gasolina,Sí,GNP,Limitada,2021-07-16,True,No aplica
eco-0211,s-0031,NISSAN,Tsuru,2006,Cambio automático,4,3,4,Motor diesel,Sí,QUALITAS,Básica,2022-05-24,False,Baja voluntaria
eco-0212,s-0030,CHEVROLET,Aveo,2013,Cambio manual,6,4,4,Motor diesel,Sí,GNP,Limitada,2021-01-16,True,No aplica
eco-0213,s-0085,FORD,Figo,2018,Cambio automático,6,4,5,Motor gasolina,No,QUALITAS,Básica,2022-02-18,True,No aplica
eco-0214,s-0132,NISSAN,Versa,2013,Cambio automático,4,4,4,Motor diesel,Sí,GNP,Básica,2022-11-25,True,No aplica
eco-0215,s-0164,FORD,Figo,2014,Cambio automático,4,4,5,Motor gasolina,No,BBVA,Plus,2022-01-30,True,No aplica
eco-0216,s-0078,NISSAN,Sentra,2004,Cambio manual,4,4,5,Motor gasolina,No,GNP,Básica,2022-11-07,True,No aplica
eco-0217,s-0200,FORD,Figo,2010,Cambio automático,4,4,5,Motor gasolina,Sí,GNP,Básica,2022-09-01,False,Baja voluntaria
eco-0218,s-0133,NISSAN,Tsuru,2003,Cambio automático,6,4,5,Motor gasolina,No,BBVA,Básica,2022-04-25,True,No aplica
eco-0219,s-0100,NISSAN,Tsuru,2001,Cambio automático,4,4,4,Motor gasolina,No,HDI,Básica,2022-10-13,True,No aplica
eco-0220,s-0110,FORD,Fiesta,2013,Cambio manual,4,3,4,Motor diesel,Sí,BBVA,Básica,2021-05-16,False,Suspensión
eco-0221,s-0177,NISSAN,Tsuru,2008,Cambio manual,4,4,5,Motor diesel,No,BBVA,Básica,2022-05-23,True,No aplica
eco-0222,s-0039,NISSAN,Versa,2004,Cambio automático,4,4,5,Motor gasolina,No,BBVA,Básica,2021-12-08,True,No aplica
eco-0223,s-0058,CHEVROLET,Captiva,2019,Cambio automático,4,4,5,Motor gasolina,Sí,BBVA,Básica,2021-10-23,True,No aplica
eco-0224,s-0007,FORD,Figo,2016,Cambio automático,6,4,4,Motor diesel,Sí,AXA,Amplia,2021-06-26,True,No aplica
eco-0225,s-0167,FORD,Figo,2013,Cambio manual,6,4,5,Motor diesel,Sí,BBVA,Básica,2021-09-15,True,No aplica
eco-0226,s-0018,NISSAN,Sentra,2015,Cambio manual,4,4,5,Motor diesel,Sí,BBVA,Básica,2021-02-01,True,No aplica
eco-0227,s-0012,FORD,Figo,2012,Cambio manual,4,3,5,Motor gasolina,Sí,BBVA,Básica,2022-10-03,True,No aplica
eco-0228,s-0189,CHEVROLET,Captiva,2014,Cambio automático,4,3,4,Motor diesel,Sí,BBVA,Básica,2021-07-30,True,No aplica
eco-0229,s-0038,FORD,Figo,2016,Cambio automático,4,3,4,Motor gasolina,Sí,BBVA,Plus,2022-07-11,False,Accidente
eco-0230,s-0156,CHEVROLET,Captiva,2010,Cambio automático,6,4,5,Motor gasolina,No,BBVA,Básica,2022-05-09,True,No aplica
eco-0231,s-0136,FORD,Figo,2017,Cambio manual,4,4,5,Motor diesel,Sí,GNP,Plus,2021-07-27,True,No aplica
eco-0232,s-0142,CHEVROLET,Onix,2014,Cambio manual,4,3,5,Motor gasolina,Sí,GNP,Básica,2021-03-21,True,No aplica
eco-0233,s-0082,CHEVROLET,Aveo,2014,Cambio automático,4,4,5,Motor gasolina,Sí,HDI,Básica,2021-07-11,True,No aplica
eco-0234,s-0146,FORD,Sedán,2011,Cambio automático,4,4,4,Motor diesel,Sí,HDI,Básica,2021-11-11,True,No aplica
eco-0235,s-0089,CHEVROLET,Aveo,2017,Cambio automático,4,4,5,Motor gasolina,Sí,QUALITAS,Amplia,2022-01-08,True,No aplica
eco-0236,s-0044,NISSAN,Tsuru,2015,Cambio automático,4,3,5,Motor gasolina,Sí,BBVA,Amplia,2021-12-31,True,No aplica
eco-0237,s-0158,NISSAN,Sentra,2012,Cambio automático,4,4,5,Motor diesel,Sí,BBVA,Básica,2021-02-21,True,No aplica
eco-0238,s-0130,FORD,Figo,2012,Cambio automático,4,4,4,Motor diesel,Sí,HDI,Básica,2022-09-08,True,No aplica
eco-0239,s-0143,CHEVROLET,Aveo,2013,Cambio manual,4,4,5,Motor diesel,Sí,BBVA,Básica,2021-06-14,True,No aplica
eco-0240,s-0099,CHEVROLET,Captiva,2019,Cambio automático,4,4,5,Motor diesel,Sí,BBVA,Amplia,2022-08-20,True,No aplica
eco-0241,s-0173,NISSAN,Tsuru,2014,Cambio automático,4,3,5,Motor gasolina,No,QUALITAS,Básica,2022-12-25,True,No aplica
eco-0242,s-0049,CHEVROLET,Onix,2020,Cambio automático,4,3,5,Motor diesel,Sí,BBVA,Básica,2022-03-01,True,No aplica
eco-0243,s-0043,NISSAN,Tsuru,2001,Cambio automático,6,4,4,Motor diesel,Sí,BBVA,Básica,2021-10-06,True,No aplica
eco-0244,s-0116,NISSAN,Tsuru,2007,Cambio automático,4,4,4,Motor gasolina,Sí,BBVA,Básica,2022-12-16,False,Baja voluntaria
eco-0245,s-0196,NISSAN,Versa,2004,Cambio manual,4,4,5,Motor diesel,Sí,AXA,Plus,2021-09-29,True,No aplica
eco-0246,s-0066,NISSAN,Tsuru,2014,Cambio automático,4,4,5,Motor gasolina,Sí,QUALITAS,Plus,2021-08-23,True,No aplica
eco-0247,s-0029,FORD,Fiesta,2011,Cambio manual,4,4,4,Motor diesel,Sí,BBVA,Básica,2021-02-05,True,No aplica
eco-0248,s-0154,NISSAN,Tsuru,2012,Cambio automático,4,4,4,Motor diesel,No,BBVA,Básica,2022-03-30,True,No aplica
eco-0249,s-0096,NISSAN,Tsuru,2010,Cambio automático,4,3,4,Motor gasolina,Sí,HDI,Plus,2021-11-07,True,No aplica
eco-0250,s-0098,CHEVROLET,Aveo,2010,Cambio automático,4,4,4,Motor gasolina,No,BBVA,Básica,2022-06-23,True,No aplica
eco-0251,s-0192,NISSAN,Tsuru,2007,Cambio automático,4,3,5,Motor gasolina,No,BBVA,Amplia,2022-08-30,True,No aplica
eco-0252,s-0121,NISSAN,Versa,2011,Cambio automático,4,4,4,Motor diesel,Sí,QUALITAS,Básica,2021-08-29,True,No aplica
eco-0253,s-0128,FORD,Sedán,2016,Cambio automático,6,4,4,Motor diesel,Sí,BBVA,Básica,2021-05-19,False,Suspensión
eco-0254,s-0009,CHEVROLET,Aveo,2019,Cambio automático,4,3,5,Motor diesel,No,QUALITAS,Básica,2022-09-20,True,No aplica
eco-0255,s-0024,NISSAN,Tsuru,2002,Cambio manual,6,4,4,Motor diesel,Sí,GNP,Limitada,2022-08-24,True,No aplica
eco-0256,s-0075,FORD,Sedán,2013,Cambio automático,4,4,4,Motor diesel,Sí,QUALITAS,Básica,2021-07-22,True,No aplica
eco-0257,s-0020,NISSAN,Tsuru,2010,Cambio automático,4,4,5,Motor gasolina,Sí,BBVA,Básica,2021-08-28,True,No aplica
eco-0258,s-0131,NISSAN,Tsuru,2012,Cambio manual,4,3,5,Motor diesel,Sí,HDI,Básica,2021-11-07,True,No aplica
eco-0259,s-0045,NISSAN,Tsuru,2007,Cambio automático,4,4,4,Motor gasolina,Sí,HDI,Limitada,2022-06-06,True,No aplica
eco-0260,s-0091,CHEVROLET,Aveo,2013,Cambio manual,6,4,5,Motor diesel,Sí,BBVA,Limitada,2021-01-25,True,No aplica
eco-0261,s-0074,NISSAN,Sentra,2006,Cambio automático,6,4,4,Motor diesel,Sí,BBVA,Básica,2022-09-05,True,No aplica
eco-0262,s-0138,NISSAN,Tsuru,2014,Cambio automático,4,3,5,Motor diesel,No,BBVA,Básica,2021-03-11,True,No aplica
eco-0263,s-0003,CHEVROLET,Aveo,2019,Cambio automático,4,4,5,Motor diesel,Sí,BBVA,Básica,2022-05-02,True,No aplica
eco-0264,s-0190,FORD,Sedán,2016,Cambio automático,4,4,5,Motor gasolina,No,QUALITAS,Básica,2021-01-08,True,No aplica
eco-0265,s-0069,NISSAN,Tsuru,2014,Cambio automático,4,3,5,Motor diesel,Sí,BBVA,Plus,2021-07-03,True,No aplica
eco-0266,s-0094,CHEVROLET,Onix,2010,Cambio automático,4,3,4,Motor gasolina,Sí,BBVA,Limitada,2022-02-12,True,No aplica
eco-0267,s-0001,NISSAN,Sentra,2015,Cambio automático,4,4,4,Motor diesel,No,QUALITAS,Limitada,2022-02-19,True,No aplica
eco-0268,s-0103,CHEVROLET,Aveo,2015,Cambio automático,4,4,5,Motor gasolina,Sí,BBVA,Amplia,2021-11-11,True,No aplica
eco-0269,s-0050,NISSAN,Tsuru,2010,Cambio manual,4,3,4,Motor diesel,Sí,QUALITAS,Básica,2022-05-06,True,No aplica
eco-0270,s-0035,NISSAN,Tsuru,2000,Cambio automático,4,4,5,Motor diesel,Sí,BBVA,Amplia,2021-10-30,True,No aplica
eco-0271,s-0017,NISSAN,Versa,2008,Cambio automático,4,4,5,Motor gasolina,Sí,QUALITAS,Plus,2021-01-25,True,No aplica
eco-0272,s-0124,NISSAN,Versa,2011,Cambio automático,4,4,4,Motor diesel,No,HDI,Limitada,2022-07-16,True,No aplica
eco-0273,s-0153,CHEVROLET,Aveo,2018,Cambio automático,6,4,5,Motor gasolina,No,QUALITAS,Básica,2022-06-01,True,No aplica
eco-0274,s-0155,NISSAN,Tsuru,2012,Cambio automático,4,4,5,Motor gasolina,Sí,BBVA,Básica,2021-09-06,True,No aplica
eco-0275,s-0048,CHEVROLET,Captiva,2012,Cambio automático,4,4,5,Motor gasolina,No,BBVA,Básica,2021-06-27,False,Suspensión
eco-0276,s-0032,CHEVROLET,Aveo,2020,Cambio automático,4,3,5,Motor diesel,No,QUALITAS,Básica,2022-08-11,True,No aplica
eco-0277,s-0161,NISSAN,Tsuru,2004,Cambio manual,4,4,4,Motor gasolina,Sí,QUALITAS,Amplia,2022-11-07,True,No aplica
eco-0278,s-0095,NISSAN,Tsuru,2009,Cambio manual,6,4,4,Motor gasolina,Sí,BBVA,Plus,2021-02-28,True,No aplica
eco-0279,s-0060,NISSAN,Tsuru,2007,Cambio automático,4,4,4,Motor gasolina,No,BBVA,Limitada,2022-09-06,True,No aplica
eco-0280,s-0160,CHEVROLET,Onix,2015,Cambio manual,4,4,5,Motor diesel,Sí,QUALITAS,Limitada,2021-02-04,True,No aplica
eco-0281,s-0049,NISSAN,Tsuru,2000,Cambio manual,6,4,4,Motor diesel,Sí,GNP,Limitada,2021-09-28,True,No aplica
eco-0282,s-0164,FORD,Fiesta,2013,Cambio automático,4,4,5,Motor gasolina,No,BBVA,Básica,2021-06-10,True,No aplica
eco-0283,s-0017,NISSAN,Sentra,2015,Cambio manual,4,4,4,Motor gasolina,Sí,HDI,Plus,2022-07-07,False,Vehículo robado
eco-0284,s-0038,CHEVROLET,Aveo,2016,Cambio automático,4,4,4,Motor diesel,Sí,QUALITAS,Limitada,2022-03-28,True,No aplica
eco-0285,s-0161,NISSAN,Versa,2011,Cambio manual,4,4,4,Motor diesel,Sí,QUALITAS,Limitada,2021-10-29,True,No aplica
eco-0286,s-0060,NISSAN,Tsuru,2000,Cambio automático,4,4,4,Motor gasolina,No,QUALITAS,Básica,2021-12-02,True,No aplica
eco-0287,s-0095,NISSAN,Tsuru,2010,Cambio automático,4,4,5,Motor gasolina,No,AXA,Básica,2022-04-21,True,No aplica
eco-0288,s-0018,CHEVROLET,Captiva,2012,Cambio manual,4,4,4,Motor gasolina,Sí,BBVA,Plus,2022-12-19,True,No aplica
eco-0289,s-0158,FORD,Figo,2018,Cambio manual,6,4,5,Motor diesel,Sí,BBVA,Básica,2021-01-20,False,Suspensión
eco-0290,s-0146,NISSAN,Tsuru,2001,Cambio manual,4,4,4,Motor gasolina,Sí,BBVA,Básica,2021-03-08,True,No aplica
eco-0291,s-0192,NISSAN,Tsuru,2009,Cambio manual,4,4,5,Motor diesel,Sí,BBVA,Básica,2021-12-10,True,No aplica
eco-0292,s-0091,FORD,Figo,2017,Cambio automático,4,3,5,Motor diesel,Sí,QUALITAS,Básica,2022-11-17,True,No aplica
eco-0293,s-0066,NISSAN,Sentra,2001,Cambio automático,4,4,5,Motor diesel,Sí,BBVA,Limitada,2021-10-01,True,No aplica
eco-0294,s-0124,CHEVROLET,Aveo,2012,Cambio automático,4,3,4,Motor diesel,Sí,BBVA,Plus,2022-09-16,True,No aplica
eco-0295,s-0050,CHEVROLET,Aveo,2015,Cambio manual,4,3,5,Motor gasolina,Sí,HDI,Limitada,2022-07-19,True,No aplica
eco-0296,s-0069,NISSAN,Tsuru,2001,Cambio automático,4,4,5,Motor diesel,Sí,QUALITAS,Básica,2022-10-11,False,Accidente
eco-0297,s-0100,FORD,Fiesta,2013,Cambio manual,6,3,5,Motor gasolina,Sí,BBVA,Amplia,2021-07-12,False,Baja voluntaria
eco-0298,s-0098,FORD,Figo,2017,Cambio automático,6,3,4,Motor gasolina,Sí,GNP,Plus,2022-07-18,True,No aplica
eco-0299,s-0154,NISSAN,Sentra,2008,Cambio automático,6,4,5,Motor diesel,Sí,QUALITAS,Limitada,2021-03-01,True,No aplica
eco-0300,s-0082,NISSAN,Versa,2004,Cambio manual,4,4,4,Motor gasolina,No,BBVA,Básica,2022-12-27,True,No aplica
eco-0301,s-0009,NISSAN,Versa,2006,Cambio manual,4,4,4,Motor gasolina,Sí,BBVA,Básica,2022-07-04,True,No aplica
eco-0302,s-0007,NISSAN,Tsuru,2006,Cambio manual,4,3,5,Motor gasolina,Sí,BBVA,Plus,2022-09-11,True,No aplica
eco-0303,s-0131,NISSAN,Tsuru,2002,Cambio automático,6,4,4,Motor gasolina,No,BBVA,Básica,2021-08-26,True,No aplica
eco-0304,s-0128,NISSAN,Versa,2006,Cambio automático,4,4,5,Motor diesel,Sí,BBVA,Básica,2022-07-24,True,No aplica
eco-0305,s-0173,NISSAN,Tsuru,2005,Cambio manual,4,4,4,Motor diesel,No,BBVA,Amplia,2021-01-20,False,Baja voluntaria
eco-0306,s-0001,NISSAN,Tsuru,2005,Cambio automático,4,4,4,Motor gasolina,Sí,BBVA,Básica,2022-07-25,False,Baja voluntaria
eco-0307,s-0029,FORD,Fiesta,2018,Cambio automático,6,4,5,Motor gasolina,Sí,GNP,Básica,2022-11-18,True,No aplica
eco-0308,s-0094,CHEVROLET,Aveo,2018,Cambio manual,4,4,5,Motor gasolina,Sí,BBVA,Plus,2022-06-07,True,No aplica
eco-0309,s-0074,FORD,Sedán,2016,Cambio automático,4,3,4,Motor diesel,Sí,BBVA,Básica,2021-01-20,True,No aplica
eco-0310,s-0078,CHEVROLET,Onix,2013,Cambio automático,4,4,5,Motor diesel,Sí,AXA,Básica,2022-11-12,True,No aplica
eco-0311,s-0048,NISSAN,Tsuru,2003,Cambio manual,6,3,5,Motor diesel,Sí,BBVA,Básica,2022-02-19,True,No aplica
eco-0312,s-0196,FORD,Figo,2016,Cambio automático,6,4,5,Motor diesel,No,QUALITAS,Básica,2021-07-28,True,No aplica
eco-0313,s-0003,CHEVROLET,Aveo,2013,Cambio automático,4,3,4,Motor gasolina,Sí,AXA,Limitada,2022-04-27,True,No aplica
eco-0314,s-0035,FORD,Sedán,2013,Cambio automático,4,4,4,Motor gasolina,Sí,QUALITAS,Básica,2021-06-18,True,No aplica
eco-0315,s-0031,NISSAN,Tsuru,2015,Cambio automático,4,4,4,Motor diesel,No,QUALITAS,Plus,2022-07-27,True,No aplica
eco-0316,s-0110,CHEVROLET,Captiva,2017,Cambio manual,6,4,5,Motor diesel,Sí,HDI,Básica,2022-02-28,False,Baja voluntaria
eco-0317,s-0012,CHEVROLET,Aveo,2017,Cambio automático,6,3,5,Motor diesel,Sí,GNP,Limitada,2022-06-28,True,No aplica
eco-0318,s-0024,FORD,Figo,2014,Cambio automático,6,4,5,Motor gasolina,Sí,AXA,Básica,2021-08-13,True,No aplica
eco-0319,s-0130,FORD,Figo,2012,Cambio manual,6,4,5,Motor gasolina,No,AXA,Básica,2021-03-31,True,No aplica
eco-0320,s-0044,FORD,Sedán,2018,Cambio automático,4,4,5,Motor diesel,Sí,HDI,Básica,2022-06-10,True,No aplica
eco-0321,s-0096,NISSAN,Tsuru,2000,Cambio manual,4,4,4,Motor diesel,No,QUALITAS,Básica,2021-02-23,False,Vehículo robado
eco-0322,s-0116,CHEVROLET,Aveo,2017,Cambio manual,4,4,5,Motor gasolina,Sí,QUALITAS,Básica,2022-10-19,True,No aplica
eco-0323,s-0043,NISSAN,Tsuru,2001,Cambio manual,4,3,4,Motor gasolina,Sí,BBVA,Limitada,2022-06-13,True,No aplica
eco-0324,s-0103,NISSAN,Tsuru,2006,Cambio manual,4,3,5,Motor gasolina,Sí,AXA,Limitada,2022-09-24,True,No aplica
eco-0325,s-0200,NISSAN,Tsuru,2003,Cambio automático,4,3,5,Motor gasolina,Sí,QUALITAS,Básica,2021-07-03,True,No aplica
eco-0326,s-0121,FORD,Figo,2013,Cambio manual,6,4,4,Motor diesel,Sí,AXA,Básica,2021-06-19,True,No aplica
eco-0327,s-0167,FORD,Figo,2013,Cambio manual,6,3,5,Motor gasolina,No,BBVA,Básica,2021-12-08,True,No aplica
eco-0328,s-0032,NISSAN,Versa,2011,Cambio automático,4,4,5,Motor diesel,Sí,BBVA,Plus,2022-07-12,True,No aplica
eco-0329,s-0190,NISSAN,Tsuru,2004,Cambio manual,4,3,4,Motor diesel,No,GNP,Limitada,2021-03-29,True,No aplica
eco-0330,s-0089,NISSAN,Tsuru,2001,Cambio manual,4,3,4,Motor gasolina,No,GNP,Básica,2021-10-01,True,No aplica
eco-0331,s-0136,NISSAN,Versa,2008,Cambio automático,4,4,5,Motor gasolina,Sí,QUALITAS,Básica,2022-01-10,True,No aplica
eco-0332,s-0142,FORD,Figo,2011,Cambio automático,6,3,4,Motor diesel,Sí,GNP,Básica,2022-12-17,True,No aplica
eco-0333,s-0138,CHEVROLET,Aveo,2018,Cambio automático,6,4,5,Motor diesel,Sí,BBVA,Básica,2021-04-19,True,No aplica
eco-0334,s-0099,CHEVROLET,Aveo,2018,Cambio automático,6,4,4,Motor diesel,Sí,BBVA,Básica,2021-07-21,True,No aplica
eco-0335,s-0039,FORD,Figo,2013,Cambio automático,6,4,5,Motor gasolina,Sí,HDI,Básica,2021-02-28,True,No aplica
eco-0336,s-0160,FORD,Figo,2014,Cambio manual,4,3,4,Motor diesel,Sí,BBVA,Limitada,2022-12-09,False,Reporte de robo
eco-0337,s-0143,NISSAN,Sentra,2013,Cambio manual,4,3,5,Motor diesel,Sí,BBVA,Limitada,2022-04-02,True,No aplica
eco-0338,s-0058,FORD,Sedán,2016,Cambio automático,4,4,4,Motor gasolina,Sí,QUALITAS,Limitada,2021-12-12,True,No aplica
eco-0339,s-0030,CHEVROLET,Onix,2014,Cambio manual,4,4,5,Motor gasolina,Sí,GNP,Limitada,2021-04-18,True,No aplica
eco-0340,s-0177,NISSAN,Versa,2003,Cambio manual,6,4,4,Motor diesel,Sí,BBVA,Básica,2022-02-14,True,No aplica
eco-0341,s-0020,NISSAN,Versa,2010,Cambio manual,4,4,5,Motor gasolina,Sí,QUALITAS,Plus,2022-07-06,True,No aplica
eco-0342,s-0155,NISSAN,Sentra,2000,Cambio automático,4,4,4,Motor gasolina,Sí,BBVA,Básica,2021-03-30,True,No aplica
eco-0343,s-0085,NISSAN,Tsuru,2008,Cambio automático,4,4,5,Motor diesel,Sí,BBVA,Básica,2022-04-22,True,No aplica
eco-0344,s-0156,NISSAN,Tsuru,2009,Cambio manual,4,4,4,Motor diesel,Sí,BBVA,Básica,2022-09-22,True,No aplica
eco-0345,s-0075,CHEVROLET,Aveo,2012,Cambio automático,4,4,4,Motor diesel,Sí,QUALITAS,Básica,2021-04-23,True,No aplica
eco-0346,s-0189,NISSAN,Versa,2005,Cambio automático,4,4,4,Motor gasolina,Sí,BBVA,Limitada,2021-04-18,True,No aplica
eco-0347,s-0133,NISSAN,Tsuru,2006,Cambio automático,4,4,5,Motor diesel,Sí,QUALITAS,Limitada,2022-12-08,True,No aplica
eco-0348,s-0045,FORD,Sedán,2015,Cambio automático,4,4,5,Motor diesel,Sí,BBVA,Básica,2022-10-23,True,No aplica
eco-0349,s-0132,NISSAN,Tsuru,2009,Cambio manual,4,4,4,Motor gasolina,Sí,BBVA,Limitada,2021-04-24,True,No aplica
eco-0350,s-0153,FORD,Figo,2014,Cambio manual,4,4,4,Motor diesel,No,BBVA,Limitada,2021-03-08,True,No aplica
eco-0351,s-0143,CHEVROLET,Aveo,2013,Cambio automático,4,4,5,Motor gasolina,Sí,BBVA,Básica,2022-02-16,True,No aplica
eco-0352,s-0124,FORD,Figo,2015,Cambio automático,4,4,5,Motor gasolina,Sí,QUALITAS,Plus,2021-12-21,False,Baja voluntaria
eco-0353,s-0018,NISSAN,Versa,2003,Cambio manual,4,4,5,Motor diesel,Sí,QUALITAS,Básica,2021-04-21,True,No aplica
eco-0354,s-0116,CHEVROLET,Aveo,2012,Cambio manual,6,4,5,Motor gasolina,No,BBVA,Plus,2021-12-13,True,No aplica
eco-0355,s-0017,NISSAN,Sentra,2009,Cambio automático,6,4,5,Motor diesel,Sí,AXA,Básica,2022-11-06,True,No aplica
eco-0356,s-0196,CHEVROLET,Onix,2018,Cambio manual,4,4,4,Motor diesel,Sí,QUALITAS,Limitada,2022-06-07,True,No aplica
eco-0357,s-0192,CHEVROLET,Captiva,2013,Cambio automático,4,4,5,Motor diesel,Sí,QUALITAS,Básica,2022-02-05,True,No aplica
eco-0358,s-0136,CHEVROLET,Aveo,2010,Cambio manual,4,3,5,Motor diesel,Sí,BBVA,Plus,2022-09-15,True,No aplica
eco-0359,s-0082,CHEVROLET,Aveo,2011,Cambio manual,4,4,4,Motor gasolina,Sí,QUALITAS,Básica,2022-05-12,True,No aplica
eco-0360,s-0007,CHEVROLET,Onix,2015,Cambio automático,4,3,4,Motor gasolina,Sí,BBVA,Básica,2021-08-26,True,No aplica
eco-0361,s-0045,FORD,Figo,2012,Cambio manual,6,4,5,Motor diesel,Sí,QUALITAS,Básica,2021-02-16,True,No aplica
eco-0362,s-0130,FORD,Figo,2012,Cambio manual,6,4,4,Motor diesel,Sí,QUALITAS,Básica,2021-11-24,True,No aplica
eco-0363,s-0099,NISSAN,Sentra,2000,Cambio automático,6,3,4,Motor gasolina,Sí,AXA,Básica,2022-05-29,True,No aplica
eco-0364,s-0050,FORD,Figo,2010,Cambio automático,4,4,4,Motor gasolina,Sí,GNP,Plus,2021-11-25,True,No aplica
eco-0365,s-0012,FORD,Figo,2016,Cambio manual,4,3,4,Motor diesel,Sí,BBVA,Amplia,2022-03-06,True,No aplica
eco-0366,s-0164,NISSAN,Tsuru,2014,Cambio automático,4,3,5,Motor diesel,Sí,BBVA,Plus,2021-10-18,True,No aplica
eco-0367,s-0110,NISSAN,Versa,2010,Cambio manual,6,4,4,Motor gasolina,Sí,BBVA,Plus,2021-01-07,True,No aplica
eco-0368,s-0154,CHEVROLET,Captiva,2014,Cambio automático,6,3,5,Motor gasolina,Sí,BBVA,Básica,2022-11-05,True,No aplica
eco-0369,s-0190,CHEVROLET,Onix,2015,Cambio manual,4,3,5,Motor gasolina,Sí,BBVA,Limitada,2022-02-27,True,No aplica
eco-0370,s-0089,NISSAN,Tsuru,2014,Cambio manual,4,4,4,Motor diesel,Sí,BBVA,Plus,2021-09-07,True,No aplica
eco-0371,s-0161,NISSAN,Tsuru,2013,Cambio manual,4,4,4,Motor gasolina,Sí,GNP,Limitada,2022-10-22,True,No aplica
eco-0372,s-0132,CHEVROLET,Captiva,2016,Cambio manual,4,4,5,Motor gasolina,Sí,QUALITAS,Plus,2022-07-04,True,No aplica
eco-0373,s-0032,FORD,Figo,2010,Cambio automático,4,3,5,Motor gasolina,No,AXA,Básica,2022-06-15,True,No aplica
eco-0374,s-0085,CHEVROLET,Aveo,2010,Cambio manual,6,4,5,Motor diesel,Sí,QUALITAS,Básica,2021-06-09,True,No aplica
eco-0375,s-0075,NISSAN,Tsuru,2015,Cambio automático,6,4,5,Motor diesel,No,BBVA,Básica,2021-09-07,True,No aplica
eco-0376,s-0153,NISSAN,Tsuru,2000,Cambio manual,4,3,5,Motor diesel,Sí,BBVA,Básica,2022-02-28,True,No aplica
eco-0377,s-0058,CHEVROLET,Captiva,2011,Cambio automático,6,4,5,Motor gasolina,Sí,BBVA,Limitada,2022-04-25,True,No aplica
eco-0378,s-0048,FORD,Fiesta,2010,Cambio manual,4,4,5,Motor gasolina,Sí,BBVA,Básica,2021-06-02,True,No aplica
eco-0379,s-0074,FORD,Fiesta,2018,Cambio automático,6,3,4,Motor gasolina,No,BBVA,Limitada,2022-10-21,True,No aplica
eco-0380,s-0024,NISSAN,Tsuru,2000,Cambio manual,4,4,4,Motor diesel,Sí,HDI,Básica,2022-06-02,True,No aplica
eco-0381,s-0003,NISSAN,Tsuru,2014,Cambio automático,4,4,5,Motor gasolina,No,GNP,Limitada,2021-09-14,True,No aplica
eco-0382,s-0078,NISSAN,Sentra,2015,Cambio automático,6,3,4,Motor diesel,No,AXA,Limitada,2022-11-06,True,No aplica
eco-0383,s-0189,CHEVROLET,Aveo,2011,Cambio automático,6,4,4,Motor diesel,Sí,BBVA,Básica,2022-06-15,True,No aplica
eco-0384,s-0177,NISSAN,Sentra,2003,Cambio automático,4,3,4,Motor gasolina,Sí,AXA,Básica,2022-10-19,True,No aplica
eco-0385,s-0043,CHEVROLET,Onix,2012,Cambio automático,6,4,4,Motor diesel,No,BBVA,Limitada,2022-03-29,True,No aplica
eco-0386,s-0035,NISSAN,Tsuru,2005,Cambio automático,4,4,4,Motor diesel,Sí,AXA,Básica,2021-03-24,True,No aplica
eco-0387,s-0103,CHEVROLET,Onix,2014,Cambio automático,4,3,5,Motor gasolina,Sí,QUALITAS,Básica,2022-10-21,True,No aplica
eco-0388,s-0200,NISSAN,Tsuru,2009,Cambio manual,4,4,5,Motor diesel,Sí,BBVA,Básica,2022-08-02,True,No aplica
eco-0389,s-0158,NISSAN,Tsuru,2007,Cambio automático,4,3,5,Motor gasolina,Sí,HDI,Básica,2022-07-23,True,No aplica
eco-0390,s-0044,FORD,Fiesta,2018,Cambio automático,4,3,5,Motor gasolina,No,BBVA,Básica,2021-09-12,True,No aplica
eco-0391,s-0066,NISSAN,Versa,2000,Cambio manual,4,4,5,Motor gasolina,Sí,GNP,Amplia,2021-09-18,True,No aplica
eco-0392,s-0142,NISSAN,Tsuru,2004,Cambio automático,4,3,5,Motor diesel,No,BBVA,Básica,2022-01-21,True,No aplica
eco-0393,s-0095,NISSAN,Tsuru,2008,Cambio manual,6,4,5,Motor diesel,Sí,BBVA,Plus,2022-05-11,True,No aplica
eco-0394,s-0121,FORD,Figo,2014,Cambio manual,4,4,5,Motor gasolina,Sí,QUALITAS,Básica,2021-07-19,True,No aplica
eco-0395,s-0094,NISSAN,Tsuru,2014,Cambio automático,4,4,5,Motor diesel,No,AXA,Limitada,2022-01-04,True,No aplica
eco-0396,s-0029,CHEVROLET,Onix,2014,Cambio automático,6,3,5,Motor gasolina,Sí,GNP,Básica,2022-12-10,True,No aplica
eco-0397,s-0020,NISSAN,Tsuru,2015,Cambio manual,4,4,5,Motor diesel,Sí,BBVA,Básica,2022-05-04,True,No aplica
eco-0398,s-0156,CHEVROLET,Onix,2010,Cambio manual,4,3,4,Motor diesel,Sí,BBVA,Básica,2022-02-24,True,No aplica
eco-0399,s-0128,NISSAN,Versa,2012,Cambio manual,4,4,5,Motor diesel,Sí,QUALITAS,Básica,2022-07-14,True,No aplica
eco-0400,s-0009,FORD,Sedán,2013,Cambio automático,4,4,5,Motor diesel,No,GNP,Limitada,2021-04-09,True,No aplica
eco-0401,s-0098,CHEVROLET,Aveo,2015,Cambio automático,6,4,4,Motor gasolina,Sí,BBVA,Amplia,2022-10-13,True,No aplica
eco-0402,s-0091,CHEVROLET,Aveo,2010,Cambio manual,4,4,4,Motor gasolina,Sí,BBVA,Limitada,2021-11-18,False,Suspensión
eco-0403,s-0100,FORD,Fiesta,2014,Cambio automático,4,3,4,Motor gasolina,Sí,BBVA,Limitada,2022-07-17,True,No aplica
eco-0404,s-0060,FORD,Figo,2015,Cambio manual,4,4,4,Motor diesel,No,GNP,Básica,2022-04-22,True,No aplica
eco-0405,s-0155,NISSAN,Tsuru,2015,Cambio automático,4,3,4,Motor gasolina,Sí,BBVA,Básica,2022-09-04,True,No aplica
eco-0406,s-0133,CHEVROLET,Captiva,2013,Cambio automático,4,4,4,Motor diesel,Sí,BBVA,Básica,2022-03-14,True,No aplica
eco-0407,s-0146,NISSAN,Tsuru,2003,Cambio automático,4,4,4,Motor diesel,Sí,BBVA,Básica,2021-11-22,True,No aplica
eco-0408,s-0030,NISSAN,Sentra,2009,Cambio manual,6,4,4,Motor diesel,Sí,BBVA,Básica,2022-04-23,True,No aplica
eco-0409,s-0096,NISSAN,Sentra,2010,Cambio automático,4,4,4,Motor diesel,Sí,BBVA,Básica,2022-10-03,True,No aplica
eco-0410,s-0039,FORD,Fiesta,2015,Cambio automático,6,4,4,Motor diesel,Sí,GNP,Amplia,2021-06-30,True,No aplica
eco-0411,s-0131,NISSAN,Tsuru,2012,Cambio automático,4,4,5,Motor gasolina,Sí,QUALITAS,Básica,2022-04-21,True,No aplica
eco-0412,s-0173,NISSAN,Tsuru,2010,Cambio manual,6,4,4,Motor diesel,Sí,BBVA,Limitada,2022-02-03,True,No aplica
eco-0413,s-0138,FORD,Figo,2011,Cambio automático,4,3,5,Motor gasolina,Sí,BBVA,Básica,2022-05-06,True,No aplica
eco-0414,s-0049,NISSAN,Sentra,2000,Cambio manual,6,3,5,Motor gasolina,Sí,BBVA,Limitada,2021-10-29,False,Reporte de robo
eco-0415,s-0031,NISSAN,Versa,2006,Cambio automático,4,4,5,Motor diesel,Sí,BBVA,Limitada,2022-02-14,True,No aplica
eco-0416,s-0038,NISSAN,Tsuru,2004,Cambio automático,6,4,5,Motor gasolina,Sí,BBVA,Limitada,2022-01-19,True,No aplica
eco-0417,s-0167,CHEVROLET,Onix,2019,Cambio automático,4,3,4,Motor diesel,Sí,BBVA,Limitada,2021-06-29,True,No aplica
eco-0418,s-0001,NISSAN,Tsuru,2002,Cambio automático,4,4,5,Motor gasolina,No,BBVA,Básica,2022-09-14,True,No aplica
eco-0419,s-0160,NISSAN,Tsuru,2014,Cambio automático,4,4,5,Motor gasolina,Sí,BBVA,Básica,2021-03-27,True,No aplica
eco-0420,s-0069,NISSAN,Tsuru,2001,Cambio automático,4,3,5,Motor diesel,Sí,HDI,Plus,2021-04-10,True,No aplica
eco-0421,s-0066,NISSAN,Sentra,2015,Cambio automático,6,3,4,Motor diesel,Sí,BBVA,Básica,2021-07-13,True,No aplica
eco-0422,s-0164,CHEVROLET,Captiva,2020,Cambio automático,4,3,4,Motor gasolina,Sí,QUALITAS,Básica,2022-05-30,False,Baja voluntaria
eco-0423,s-0032,NISSAN,Tsuru,2005,Cambio manual,6,4,5,Motor gasolina,Sí,BBVA,Plus,2022-04-01,True,No aplica
eco-0424,s-0153,CHEVROLET,Aveo,2016,Cambio manual,4,4,4,Motor gasolina,Sí,AXA,Básica,2022-07-13,True,No aplica
eco-0425,s-0094,NISSAN,Sentra,2007,Cambio automático,4,4,4,Motor diesel,Sí,BBVA,Plus,2022-06-22,True,No aplica
eco-0426,s-0035,NISSAN,Tsuru,2009,Cambio automático,4,4,5,Motor gasolina,No,HDI,Limitada,2021-07-13,True,No aplica
eco-0427,s-0039,NISSAN,Tsuru,2013,Cambio automático,4,4,5,Motor diesel,Sí,QUALITAS,Básica,2022-05-10,True,No aplica
eco-0428,s-0091,NISSAN,Tsuru,2004,Cambio automático,4,4,5,Motor gasolina,Sí,BBVA,Limitada,2021-07-30,True,No aplica
eco-0429,s-0161,CHEVROLET,Captiva,2014,Cambio automático,4,4,5,Motor gasolina,Sí,AXA,Amplia,2021-05-02,True,No aplica
eco-0430,s-0007,CHEVROLET,Aveo,2010,Cambio manual,6,3,5,Motor diesel,Sí,BBVA,Básica,2021-09-30,True,No aplica
eco-0431,s-0045,NISSAN,Versa,2013,Cambio automático,4,4,5,Motor diesel,Sí,QUALITAS,Amplia,2022-02-21,True,No aplica
eco-0432,s-0155,CHEVROLET,Aveo,2018,Cambio automático,4,4,4,Motor gasolina,Sí,BBVA,Básica,2021-06-17,False,Baja voluntaria
eco-0433,s-0030,CHEVROLET,Aveo,2010,Cambio automático,4,4,4,Motor gasolina,No,HDI,Básica,2022-11-28,False,Suspensión
eco-0434,s-0200,NISSAN,Sentra,2011,Cambio automático,4,4,5,Motor diesel,Sí,BBVA,Plus,2021-02-21,True,No aplica
eco-0435,s-0196,NISSAN,Sentra,2010,Cambio automático,4,4,4,Motor diesel,No,BBVA,Básica,2022-01-27,True,No aplica
eco-0436,s-0078,FORD,Figo,2014,Cambio manual,4,3,4,Motor gasolina,Sí,BBVA,Básica,2022-08-26,True,No aplica
eco-0437,s-0018,CHEVROLET,Onix,2013,Cambio automático,4,3,4,Motor diesel,Sí,AXA,Limitada,2022-05-08,True,No aplica
eco-0438,s-0100,FORD,Figo,2018,Cambio automático,4,4,5,Motor diesel,No,GNP,Limitada,2022-04-07,True,No aplica
eco-0439,s-0156,FORD,Figo,2011,Cambio manual,4,4,5,Motor diesel,Sí,HDI,Básica,2021-01-31,True,No aplica
eco-0440,s-0050,CHEVROLET,Onix,2016,Cambio automático,6,3,5,Motor gasolina,Sí,BBVA,Plus,2021-07-20,True,No aplica
eco-0441,s-0132,NISSAN,Tsuru,2010,Cambio manual,6,4,4,Motor gasolina,Sí,BBVA,Limitada,2021-03-24,True,No aplica
eco-0442,s-0095,NISSAN,Tsuru,2015,Cambio automático,6,3,5,Motor diesel,Sí,BBVA,Básica,2021-01-08,False,Accidente
eco-0443,s-0143,NISSAN,Tsuru,2015,Cambio manual,6,3,5,Motor diesel,Sí,QUALITAS,Plus,2022-03-23,True,No aplica
eco-0444,s-0124,NISSAN,Versa,2012,Cambio manual,6,4,4,Motor diesel,Sí,GNP,Limitada,2021-08-13,False,Baja voluntaria
eco-0445,s-0158,FORD,Figo,2010,Cambio manual,4,3,4,Motor gasolina,Sí,BBVA,Básica,2021-08-18,True,No aplica
eco-0446,s-0136,NISSAN,Versa,2007,Cambio automático,4,4,5,Motor diesel,No,AXA,Básica,2022-11-29,True,No aplica
eco-0447,s-0142,NISSAN,Versa,2013,Cambio manual,4,4,4,Motor gasolina,Sí,QUALITAS,Básica,2022-05-14,False,Baja voluntaria
eco-0448,s-0160,CHEVROLET,Captiva,2012,Cambio manual,4,3,4,Motor diesel,Sí,BBVA,Básica,2022-12-01,False,Accidente
eco-0449,s-0096,NISSAN,Tsuru,2011,Cambio manual,6,4,4,Motor gasolina,Sí,QUALITAS,Limitada,2022-06-20,True,No aplica
eco-0450,s-0024,CHEVROLET,Aveo,2016,Cambio automático,4,4,5,Motor gasolina,Sí,BBVA,Básica,2021-07-21,True,No aplica
eco-0451,s-0020,CHEVROLET,Aveo,2015,Cambio automático,4,4,5,Motor diesel,Sí,BBVA,Básica,2022-09-28,True,No aplica
eco-0452,s-0049,NISSAN,Sentra,2015,Cambio manual,4,4,4,Motor diesel,Sí,BBVA,Básica,2021-08-18,True,No aplica
eco-0453,s-0074,NISSAN,Tsuru,2013,Cambio manual,4,4,4,Motor diesel,Sí,AXA,Plus,2022-08-11,True,No aplica
eco-0454,s-0103,NISSAN,Tsuru,2004,Cambio manual,4,4,4,Motor diesel,No,BBVA,Básica,2022-08-11,False,Baja voluntaria
eco-0455,s-0085,FORD,Fiesta,2012,Cambio automático,6,4,5,Motor diesel,No,QUALITAS,Plus,2021-12-16,True,No aplica
eco-0456,s-0098,CHEVROLET,Aveo,2018,Cambio manual,6,4,4,Motor diesel,No,BBVA,Básica,2021-01-26,False,Baja voluntaria
eco-0457,s-0177,NISSAN,Sentra,2014,Cambio automático,4,3,4,Motor diesel,Sí,AXA,Básica,2022-01-22,True,No aplica
eco-0458,s-0189,CHEVROLET,Aveo,2017,Cambio automático,4,3,4,Motor gasolina,Sí,QUALITAS,Básica,2022-02-28,True,No aplica
eco-0459,s-0031,NISSAN,Tsuru,2004,Cambio automático,6,3,5,Motor diesel,Sí,BBVA,Básica,2022-07-30,True,No aplica
eco-0460,s-0001,NISSAN,Tsuru,2009,Cambio automático,4,4,4,Motor diesel,Sí,BBVA,Limitada,2022-06-19,True,No aplica
eco-0461,s-0128,CHEVROLET,Onix,2017,Cambio automático,4,3,4,Motor gasolina,Sí,BBVA,Limitada,2022-08-30,True,No aplica
eco-0462,s-0116,CHEVROLET,Aveo,2010,Cambio manual,4,3,5,Motor diesel,Sí,HDI,Básica,2022-04-08,True,No aplica
eco-0463,s-0121,CHEVROLET,Onix,2013,Cambio manual,6,3,5,Motor gasolina,Sí,BBVA,Básica,2021-03-12,True,No aplica
eco-0464,s-0038,FORD,Figo,2016,Cambio automático,4,4,4,Motor diesel,Sí,QUALITAS,Básica,2022-06-21,True,No aplica
eco-0465,s-0173,CHEVROLET,Aveo,2014,Cambio automático,6,3,5,Motor gasolina,Sí,QUALITAS,Básica,2021-06-04,True,No aplica
eco-0466,s-0017,NISSAN,Tsuru,2004,Cambio manual,4,4,5,Motor diesel,Sí,BBVA,Básica,2021-07-03,True,No aplica
eco-0467,s-0058,NISSAN,Tsuru,2002,Cambio automático,4,3,4,Motor gasolina,Sí,GNP,Limitada,2022-03-15,True,No aplica
eco-0468,s-0075,FORD,Fiesta,2015,Cambio automático,4,4,5,Motor gasolina,Sí,AXA,Básica,2022-10-01,True,No aplica
eco-0469,s-0167,NISSAN,Versa,2011,Cambio automático,6,4,5,Motor diesel,Sí,BBVA,Básica,2021-08-15,True,No aplica
eco-0470,s-0044,FORD,Fiesta,2015,Cambio manual,4,3,5,Motor gasolina,Sí,BBVA,Básica,2021-08-10,True,No aplica
eco-0471,s-0133,NISSAN,Tsuru,2009,Cambio automático,4,4,5,Motor diesel,Sí,AXA,Básica,2022-11-20,False,Vehículo robado
eco-0472,s-0060,NISSAN,Versa,2009,Cambio manual,4,4,4,Motor diesel,Sí,BBVA,Amplia,2022-11-02,True,No aplica
eco-0473,s-0082,NISSAN,Tsuru,2008,Cambio manual,6,3,4,Motor gasolina,Sí,HDI,Básica,2022-12-23,True,No aplica
eco-0474,s-0138,FORD,Figo,2018,Cambio automático,4,3,5,Motor diesel,Sí,GNP,Básica,2021-12-02,True,No aplica
eco-0475,s-0012,NISSAN,Tsuru,2004,Cambio automático,6,4,5,Motor diesel,No,HDI,Limitada,2021-11-11,True,No aplica
eco-0476,s-0130,CHEVROLET,Aveo,2014,Cambio automático,4,4,5,Motor diesel,Sí,AXA,Amplia,2021-11-07,True,No aplica
eco-0477,s-0043,CHEVROLET,Aveo,2013,Cambio automático,4,3,4,Motor gasolina,Sí,BBVA,Básica,2021-10-17,True,No aplica
eco-0478,s-0069,CHEVROLET,Captiva,2017,Cambio manual,4,4,5,Motor diesel,Sí,HDI,Limitada,2021-02-09,True,No aplica
eco-0479,s-0110,CHEVROLET,Onix,2019,Cambio automático,4,3,5,Motor diesel,Sí,BBVA,Amplia,2022-03-23,True,No aplica
eco-0480,s-0089,NISSAN,Sentra,2007,Cambio automático,6,4,4,Motor diesel,Sí,HDI,Plus,2021-06-12,True,No aplica
eco-0481,s-0154,NISSAN,Tsuru,2003,Cambio automático,4,4,5,Motor diesel,Sí,BBVA,Básica,2021-08-29,True,No aplica
eco-0482,s-0029,NISSAN,Tsuru,2015,Cambio manual,4,3,4,Motor diesel,No,BBVA,Básica,2022-12-19,False,Accidente
eco-0483,s-0146,NISSAN,Sentra,2002,Cambio automático,4,4,5,Motor gasolina,No,GNP,Plus,2021-10-06,True,No aplica
eco-0484,s-0048,CHEVROLET,Aveo,2012,Cambio manual,6,3,5,Motor gasolina,No,BBVA,Básica,2021-11-03,True,No aplica
eco-0485,s-0192,FORD,Sedán,2012,Cambio manual,6,4,5,Motor diesel,No,BBVA,Básica,2022-09-15,True,No aplica
eco-0486,s-0099,CHEVROLET,Onix,2020,Cambio manual,4,4,5,Motor gasolina,Sí,BBVA,Básica,2021-02-12,True,No aplica
eco-0487,s-0131,FORD,Fiesta,2010,Cambio automático,4,3,5,Motor diesel,Sí,BBVA,Básica,2022-04-26,True,No aplica
eco-0488,s-0009,CHEVROLET,Aveo,2014,Cambio automático,4,4,4,Motor diesel,Sí,GNP,Básica,2022-08-19,True,No aplica
eco-0489,s-0190,FORD,Fiesta,2014,Cambio automático,6,4,5,Motor gasolina,Sí,QUALITAS,Básica,2022-12-04,True,No aplica
eco-0490,s-0003,CHEVROLET,Captiva,2012,Cambio automático,4,3,5,Motor gasolina,Sí,GNP,Básica,2021-07-19,True,No aplica
eco-0491,s-0155,NISSAN,Versa,2008,Cambio manual,6,4,5,Motor gasolina,No,GNP,Plus,2021-08-15,True,No aplica
eco-0492,s-0009,NISSAN,Versa,2015,Cambio manual,6,4,4,Motor diesel,Sí,BBVA,Básica,2022-01-02,True,No aplica
eco-0493,s-0020,FORD,Figo,2016,Cambio automático,6,4,5,Motor gasolina,Sí,BBVA,Básica,2021-08-18,True,No aplica
eco-0494,s-0018,NISSAN,Tsuru,2012,Cambio automático,6,3,5,Motor gasolina,Sí,AXA,Básica,2021-08-25,True,No aplica
eco-0495,s-0029,FORD,Fiesta,2016,Cambio automático,4,4,5,Motor gasolina,Sí,BBVA,Limitada,2022-04-10,True,No aplica
eco-0496,s-0128,NISSAN,Tsuru,2001,Cambio automático,6,4,5,Motor gasolina,Sí,HDI,Amplia,2021-03-08,True,No aplica
eco-0497,s-0082,FORD,Sedán,2011,Cambio manual,6,4,5,Motor diesel,Sí,BBVA,Plus,2021-09-02,True,No aplica
eco-0498,s-0096,CHEVROLET,Aveo,2018,Cambio automático,4,4,5,Motor gasolina,No,GNP,Plus,2022-11-04,True,No aplica
eco-0499,s-0098,CHEVROLET,Aveo,2015,Cambio automático,4,4,5,Motor gasolina,Sí,BBVA,Básica,2021-05-20,True,No aplica
eco-0500,s-0091,CHEVROLET,Aveo,2017,Cambio automático,4,4,5,Motor gasolina,Sí,QUALITAS,Básica,2021-12-30,True,No aplica
